season,episode,queen_name,outcome
1,1,BeBe Zahara Benet,SAFE
1,2,BeBe Zahara Benet,SAFE
1,3,BeBe Zahara Benet,WIN
1,4,BeBe Zahara Benet,SAFE
1,5,BeBe Zahara Benet,BTM
1,6,BeBe Zahara Benet,WIN
1,7,BeBe Zahara Benet,Winner
1,8,BeBe Zahara Benet,Guest
1,1,Nina Flowers,WIN
1,2,Nina Flowers,SAFE
1,3,Nina Flowers,SAFE
1,4,Nina Flowers,SAFE
1,5,Nina Flowers,SAFE
1,6,Nina Flowers,SAFE
1,7,Nina Flowers,Runner-up
1,8,Nina Flowers,Miss C
1,1,Rebecca Glasscock,SAFE
1,2,Rebecca Glasscock,SAFE
1,3,Rebecca Glasscock,SAFE
1,4,Rebecca Glasscock,BTM
1,5,Rebecca Glasscock,WIN
1,6,Rebecca Glasscock,BTM
1,7,Rebecca Glasscock,Eliminated
1,8,Rebecca Glasscock,Guest
1,1,Shannel,SAFE
1,2,Shannel,SAFE
1,3,Shannel,BTM
1,4,Shannel,SAFE
1,5,Shannel,SAFE
1,6,Shannel,ELIM
1,8,Shannel,Guest
1,1,Ongina,SAFE
1,2,Ongina,WIN
1,3,Ongina,SAFE
1,4,Ongina,WIN
1,5,Ongina,ELIM
1,7,Ongina,Guest
1,1,Jade,SAFE
1,2,Jade,SAFE
1,3,Jade,SAFE
1,4,Jade,ELIM
1,6,Jade,Guest
1,1,Akashia,BTM
1,2,Akashia,BTM
1,3,Akashia,ELIM
1,5,Akashia,Guest
1,1,Tammie Brown,SAFE
1,2,Tammie Brown,ELIM
1,4,Tammie Brown,Guest
1,1,"Victoria ""Porkchop"" Parker",ELIM
1,3,"Victoria ""Porkchop"" Parker",Guest
2,1,Tyra Sanchez,SAFE
2,2,Tyra Sanchez,SAFE
2,3,Tyra Sanchez,WIN
2,4,Tyra Sanchez,SAFE
2,5,Tyra Sanchez,WIN
2,6,Tyra Sanchez,SAFE
2,7,Tyra Sanchez,SAFE
2,8,Tyra Sanchez,SAFE
2,9,Tyra Sanchez,WIN
2,10,Tyra Sanchez,Winner
2,11,Tyra Sanchez,Guest
2,1,Raven,SAFE
2,2,Raven,BTM
2,3,Raven,BTM
2,4,Raven,SAFE
2,5,Raven,SAFE
2,6,Raven,SAFE
2,7,Raven,WIN
2,8,Raven,WIN
2,9,Raven,SAFE
2,10,Raven,Runner-up
2,11,Raven,Guest
2,1,Jujubee,SAFE
2,2,Jujubee,SAFE
2,3,Jujubee,SAFE
2,4,Jujubee,SAFE
2,5,Jujubee,SAFE
2,6,Jujubee,BTM
2,7,Jujubee,SAFE
2,8,Jujubee,BTM
2,9,Jujubee,BTM
2,10,Jujubee,Eliminated
2,11,Jujubee,Guest
2,1,Tatiana,SAFE
2,2,Tatiana,SAFE
2,3,Tatiana,SAFE
2,4,Tatiana,WIN
2,5,Tatiana,SAFE
2,6,Tatiana,SAFE
2,7,Tatiana,BTM
2,8,Tatiana,SAFE
2,9,Tatiana,ELIM
2,11,Tatiana,Guest
2,1,Pandora Boxx,SAFE
2,2,Pandora Boxx,SAFE
2,3,Pandora Boxx,SAFE
2,4,Pandora Boxx,SAFE
2,5,Pandora Boxx,SAFE
2,6,Pandora Boxx,SAFE
2,7,Pandora Boxx,SAFE
2,8,Pandora Boxx,ELIM
2,10,Pandora Boxx,Miss C
2,1,Jessica Wild,SAFE
2,2,Jessica Wild,SAFE
2,3,Jessica Wild,SAFE
2,4,Jessica Wild,SAFE
2,5,Jessica Wild,SAFE
2,6,Jessica Wild,WIN
2,7,Jessica Wild,ELIM
2,9,Jessica Wild,Guest
2,1,Sahara Davenport,BTM
2,2,Sahara Davenport,WIN
2,3,Sahara Davenport,SAFE
2,4,Sahara Davenport,SAFE
2,5,Sahara Davenport,BTM
2,6,Sahara Davenport,ELIM
2,8,Sahara Davenport,Guest
2,1,Morgan McMichaels,WIN
2,2,Morgan McMichaels,SAFE
2,3,Morgan McMichaels,SAFE
2,4,Morgan McMichaels,BTM
2,5,Morgan McMichaels,ELIM
2,7,Morgan McMichaels,Guest
2,1,Kylie Sonique Love,SAFE
2,2,Kylie Sonique Love,SAFE
2,3,Kylie Sonique Love,SAFE
2,4,Kylie Sonique Love,ELIM
2,6,Kylie Sonique Love,Guest
2,1,Mystique Summers Madison,SAFE
2,2,Mystique Summers Madison,SAFE
2,3,Mystique Summers Madison,ELIM
2,5,Mystique Summers Madison,Guest
2,1,Nicole Paige Brooks,SAFE
2,2,Nicole Paige Brooks,ELIM
2,4,Nicole Paige Brooks,Guest
2,1,Shangela,ELIM
2,3,Shangela,Guest
3,1,Raja,WIN
3,2,Raja,SAFE
3,3,Raja,SAFE
3,4,Raja,SAFE
3,5,Raja,SAFE
3,6,Raja,WIN
3,7,Raja,SAFE
3,8,Raja,SAFE
3,9,Raja,WIN
3,10,Raja,SAFE
3,11,Raja,BTM
3,12,Raja,SAFE
3,13,Raja,Winner
3,14,Raja,Guest
3,1,Manila Luzon,SAFE
3,2,Manila Luzon,SAFE
3,3,Manila Luzon,SAFE
3,4,Manila Luzon,WIN
3,5,Manila Luzon,SAFE
3,6,Manila Luzon,SAFE
3,7,Manila Luzon,BTM
3,8,Manila Luzon,SAFE
3,9,Manila Luzon,SAFE
3,10,Manila Luzon,SAFE
3,11,Manila Luzon,WIN
3,12,Manila Luzon,WIN
3,13,Manila Luzon,Runner-up
3,14,Manila Luzon,Guest
3,1,Alexis Mateo,SAFE
3,2,Alexis Mateo,WIN
3,3,Alexis Mateo,WIN
3,4,Alexis Mateo,SAFE
3,5,Alexis Mateo,SAFE
3,6,Alexis Mateo,BTM
3,7,Alexis Mateo,SAFE
3,8,Alexis Mateo,WIN
3,9,Alexis Mateo,SAFE
3,10,Alexis Mateo,BTM
3,11,Alexis Mateo,SAFE
3,12,Alexis Mateo,BTM
3,13,Alexis Mateo,Eliminated
3,14,Alexis Mateo,Guest
3,1,Yara Sofia,SAFE
3,2,Yara Sofia,SAFE
3,3,Yara Sofia,SAFE
3,4,Yara Sofia,SAFE
3,5,Yara Sofia,SAFE
3,6,Yara Sofia,SAFE
3,7,Yara Sofia,SAFE
3,8,Yara Sofia,BTM
3,9,Yara Sofia,SAFE
3,10,Yara Sofia,WIN
3,11,Yara Sofia,SAFE
3,12,Yara Sofia,ELIM
3,14,Yara Sofia,Miss C
3,1,Carmen Carrera,SAFE
3,2,Carmen Carrera,SAFE
3,3,Carmen Carrera,SAFE
3,4,Carmen Carrera,SAFE
3,5,Carmen Carrera,SAFE
3,6,Carmen Carrera,SAFE
3,7,Carmen Carrera,SAFE
3,8,Carmen Carrera,BTM
3,9,Carmen Carrera,ELIM
3,11,Carmen Carrera,ELIM
3,13,Carmen Carrera,Guest
3,1,Shangela,BTM
3,2,Shangela,WIN
3,3,Shangela,SAFE
3,4,Shangela,SAFE
3,5,Shangela,SAFE
3,6,Shangela,SAFE
3,7,Shangela,WIN
3,8,Shangela,SAFE
3,9,Shangela,BTM
3,10,Shangela,ELIM
3,12,Shangela,Guest
3,1,Delta Work,SAFE
3,2,Delta Work,BTM
3,3,Delta Work,SAFE
3,4,Delta Work,SAFE
3,5,Delta Work,BTM
3,6,Delta Work,SAFE
3,7,Delta Work,ELIM
3,9,Delta Work,Guest
3,1,Stacy Layne Matthews,SAFE
3,2,Stacy Layne Matthews,SAFE
3,3,Stacy Layne Matthews,SAFE
3,4,Stacy Layne Matthews,BTM
3,5,Stacy Layne Matthews,WIN
3,6,Stacy Layne Matthews,ELIM
3,8,Stacy Layne Matthews,Guest
3,1,Mariah,SAFE
3,2,Mariah,SAFE
3,3,Mariah,SAFE
3,4,Mariah,SAFE
3,5,Mariah,ELIM
3,7,Mariah,Guest
3,1,India Ferrah,SAFE
3,2,India Ferrah,SAFE
3,3,India Ferrah,BTM
3,4,India Ferrah,ELIM
3,6,India Ferrah,Guest
3,1,Mimi Imfurst,SAFE
3,2,Mimi Imfurst,SAFE
3,3,Mimi Imfurst,ELIM
3,5,Mimi Imfurst,Guest
3,1,Phoenix,SAFE
3,2,Phoenix,ELIM
3,4,Phoenix,Guest
3,1,Venus D-Lite,ELIM
3,3,Venus D-Lite,Guest
4,1,Sharon Needles,WIN
4,2,Sharon Needles,SAFE
4,3,Sharon Needles,WIN
4,4,Sharon Needles,SAFE
4,5,Sharon Needles,SAFE
4,6,Sharon Needles,SAFE
4,7,Sharon Needles,SAFE
4,8,Sharon Needles,BTM
4,9,Sharon Needles,WIN
4,10,Sharon Needles,SAFE
4,11,Sharon Needles,WIN
4,12,Sharon Needles,SAFE
4,13,Sharon Needles,Winner
4,1,Chad Michaels,SAFE
4,2,Chad Michaels,WIN
4,3,Chad Michaels,SAFE
4,4,Chad Michaels,SAFE
4,5,Chad Michaels,WIN
4,6,Chad Michaels,SAFE
4,7,Chad Michaels,SAFE
4,8,Chad Michaels,SAFE
4,9,Chad Michaels,SAFE
4,10,Chad Michaels,SAFE
4,11,Chad Michaels,BTM
4,12,Chad Michaels,SAFE
4,13,Chad Michaels,Runner-up
4,1,Phi Phi O'Hara,SAFE
4,2,Phi Phi O'Hara,SAFE
4,3,Phi Phi O'Hara,SAFE
4,4,Phi Phi O'Hara,SAFE
4,5,Phi Phi O'Hara,SAFE
4,6,Phi Phi O'Hara,SAFE
4,7,Phi Phi O'Hara,WIN
4,8,Phi Phi O'Hara,BTM
4,9,Phi Phi O'Hara,SAFE
4,10,Phi Phi O'Hara,WIN
4,11,Phi Phi O'Hara,SAFE
4,12,Phi Phi O'Hara,SAFE
4,13,Phi Phi O'Hara,Runner-up
4,1,Latrice Royale,SAFE
4,2,Latrice Royale,SAFE
4,3,Latrice Royale,SAFE
4,4,Latrice Royale,WIN
4,5,Latrice Royale,SAFE
4,6,Latrice Royale,SAFE
4,7,Latrice Royale,SAFE
4,8,Latrice Royale,WIN
4,9,Latrice Royale,BTM
4,10,Latrice Royale,BTM
4,11,Latrice Royale,ELIM
4,13,Latrice Royale,Miss C
4,1,Kenya Michaels,SAFE
4,2,Kenya Michaels,SAFE
4,3,Kenya Michaels,SAFE
4,4,Kenya Michaels,SAFE
4,5,Kenya Michaels,ELIM
4,7,Kenya Michaels,ELIM
4,9,Kenya Michaels,Guest
4,1,DiDa Ritz,SAFE
4,2,DiDa Ritz,SAFE
4,3,DiDa Ritz,BTM
4,4,DiDa Ritz,SAFE
4,5,DiDa Ritz,SAFE
4,6,DiDa Ritz,SAFE
4,7,DiDa Ritz,SAFE
4,8,DiDa Ritz,SAFE
4,9,DiDa Ritz,ELIM
4,11,DiDa Ritz,Guest
4,1,Willam,SAFE
4,2,Willam,SAFE
4,3,Willam,SAFE
4,4,Willam,SAFE
4,5,Willam,SAFE
4,6,Willam,WIN
4,7,Willam,BTM
4,8,Willam,DISQ
4,10,Willam,Guest
4,1,Jiggly Caliente,BTM
4,2,Jiggly Caliente,SAFE
4,3,Jiggly Caliente,SAFE
4,4,Jiggly Caliente,SAFE
4,5,Jiggly Caliente,SAFE
4,6,Jiggly Caliente,BTM
4,7,Jiggly Caliente,ELIM
4,9,Jiggly Caliente,Guest
4,1,Milan,SAFE
4,2,Milan,SAFE
4,3,Milan,SAFE
4,4,Milan,BTM
4,5,Milan,BTM
4,6,Milan,ELIM
4,8,Milan,Guest
4,1,Madame LaQueer,SAFE
4,2,Madame LaQueer,WIN
4,3,Madame LaQueer,SAFE
4,4,Madame LaQueer,ELIM
4,6,Madame LaQueer,Guest
4,1,The Princess,SAFE
4,2,The Princess,BTM
4,3,The Princess,ELIM
4,5,The Princess,Guest
4,1,Lashauwn Beyond,SAFE
4,2,Lashauwn Beyond,ELIM
4,4,Lashauwn Beyond,Guest
4,1,Alisa Summers,ELIM
4,3,Alisa Summers,Guest
5,1,Jinkx Monsoon,SAFE
5,2,Jinkx Monsoon,SAFE
5,3,Jinkx Monsoon,SAFE
5,4,Jinkx Monsoon,SAFE
5,5,Jinkx Monsoon,WIN
5,6,Jinkx Monsoon,SAFE
5,7,Jinkx Monsoon,SAFE
5,8,Jinkx Monsoon,SAFE
5,9,Jinkx Monsoon,WIN
5,10,Jinkx Monsoon,SAFE
5,11,Jinkx Monsoon,BTM
5,12,Jinkx Monsoon,SAFE
5,13,Jinkx Monsoon,Winner
5,1,Alaska,SAFE
5,2,Alaska,SAFE
5,3,Alaska,SAFE
5,4,Alaska,SAFE
5,5,Alaska,SAFE
5,6,Alaska,SAFE
5,7,Alaska,SAFE
5,8,Alaska,WIN
5,9,Alaska,SAFE
5,10,Alaska,SAFE
5,11,Alaska,WIN
5,12,Alaska,SAFE
5,13,Alaska,Runner-up
5,1,Roxxxy Andrews,WIN
5,2,Roxxxy Andrews,SAFE
5,3,Roxxxy Andrews,SAFE
5,4,Roxxxy Andrews,SAFE
5,5,Roxxxy Andrews,SAFE
5,6,Roxxxy Andrews,SAFE
5,7,Roxxxy Andrews,BTM
5,8,Roxxxy Andrews,SAFE
5,9,Roxxxy Andrews,SAFE
5,10,Roxxxy Andrews,WIN
5,11,Roxxxy Andrews,SAFE
5,12,Roxxxy Andrews,SAFE
5,13,Roxxxy Andrews,Runner-up
5,1,Detox,SAFE
5,2,Detox,SAFE
5,3,Detox,WIN
5,4,Detox,SAFE
5,5,Detox,BTM
5,6,Detox,SAFE
5,7,Detox,SAFE
5,8,Detox,SAFE
5,9,Detox,SAFE
5,10,Detox,BTM
5,11,Detox,ELIM
5,13,Detox,Guest
5,1,Coco Montrese,SAFE
5,2,Coco Montrese,SAFE
5,3,Coco Montrese,BTM
5,4,Coco Montrese,SAFE
5,5,Coco Montrese,SAFE
5,6,Coco Montrese,BTM
5,7,Coco Montrese,WIN
5,8,Coco Montrese,SAFE
5,9,Coco Montrese,BTM
5,10,Coco Montrese,ELIM
5,12,Coco Montrese,Guest
5,1,Alyssa Edwards,SAFE
5,2,Alyssa Edwards,SAFE
5,3,Alyssa Edwards,SAFE
5,4,Alyssa Edwards,WIN
5,5,Alyssa Edwards,SAFE
5,6,Alyssa Edwards,SAFE
5,7,Alyssa Edwards,BTM
5,8,Alyssa Edwards,BTM
5,9,Alyssa Edwards,ELIM
5,11,Alyssa Edwards,Guest
5,1,Ivy Winters,SAFE
5,2,Ivy Winters,SAFE
5,3,Ivy Winters,SAFE
5,4,Ivy Winters,SAFE
5,5,Ivy Winters,SAFE
5,6,Ivy Winters,WIN
5,7,Ivy Winters,SAFE
5,8,Ivy Winters,ELIM
5,10,Ivy Winters,Miss C
5,1,Jade Jolie,SAFE
5,2,Jade Jolie,SAFE
5,3,Jade Jolie,SAFE
5,4,Jade Jolie,SAFE
5,5,Jade Jolie,SAFE
5,6,Jade Jolie,ELIM
5,8,Jade Jolie,Guest
5,1,Lineysha Sparx,SAFE
5,2,Lineysha Sparx,WIN
5,3,Lineysha Sparx,SAFE
5,4,Lineysha Sparx,SAFE
5,5,Lineysha Sparx,ELIM
5,7,Lineysha Sparx,Guest
5,1,Honey Mahogany,SAFE
5,2,Honey Mahogany,SAFE
5,3,Honey Mahogany,SAFE
5,4,Honey Mahogany,ELIM
5,6,Honey Mahogany,Guest
5,1,Vivienne Pinay,SAFE
5,2,Vivienne Pinay,SAFE
5,3,Vivienne Pinay,SAFE
5,4,Vivienne Pinay,ELIM
5,6,Vivienne Pinay,Guest
5,1,Monica Beverly Hillz,SAFE
5,2,Monica Beverly Hillz,BTM
5,3,Monica Beverly Hillz,ELIM
5,5,Monica Beverly Hillz,Guest
5,1,Serena ChaCha,BTM
5,2,Serena ChaCha,ELIM
5,4,Serena ChaCha,Guest
5,1,Penny Tration,ELIM
5,3,Penny Tration,Guest
6,2,Bianca Del Rio,WIN
6,3,Bianca Del Rio,SAFE
6,4,Bianca Del Rio,SAFE
6,5,Bianca Del Rio,SAFE
6,6,Bianca Del Rio,SAFE
6,7,Bianca Del Rio,SAFE
6,8,Bianca Del Rio,WIN
6,9,Bianca Del Rio,SAFE
6,10,Bianca Del Rio,WIN
6,11,Bianca Del Rio,SAFE
6,12,Bianca Del Rio,SAFE
6,13,Bianca Del Rio,Winner
6,1,Adore Delano,SAFE
6,3,Adore Delano,SAFE
6,4,Adore Delano,SAFE
6,5,Adore Delano,SAFE
6,6,Adore Delano,WIN
6,7,Adore Delano,WIN
6,8,Adore Delano,SAFE
6,9,Adore Delano,BTM
6,10,Adore Delano,BTM
6,11,Adore Delano,WIN
6,12,Adore Delano,SAFE
6,13,Adore Delano,Runner-up
6,2,Courtney Act,SAFE
6,3,Courtney Act,SAFE
6,4,Courtney Act,WIN
6,5,Courtney Act,SAFE
6,6,Courtney Act,SAFE
6,7,Courtney Act,SAFE
6,8,Courtney Act,SAFE
6,9,Courtney Act,WIN
6,10,Courtney Act,SAFE
6,11,Courtney Act,SAFE
6,12,Courtney Act,SAFE
6,13,Courtney Act,Runner-up
6,2,Darienne Lake,BTM
6,3,Darienne Lake,WIN
6,4,Darienne Lake,SAFE
6,5,Darienne Lake,SAFE
6,6,Darienne Lake,SAFE
6,7,Darienne Lake,BTM
6,8,Darienne Lake,SAFE
6,9,Darienne Lake,SAFE
6,10,Darienne Lake,SAFE
6,11,Darienne Lake,BTM
6,12,Darienne Lake,ELIM
6,13,Darienne Lake,Guest
6,1,BenDeLaCreme,WIN
6,3,BenDeLaCreme,SAFE
6,4,BenDeLaCreme,SAFE
6,5,BenDeLaCreme,WIN
6,6,BenDeLaCreme,SAFE
6,7,BenDeLaCreme,BTM
6,8,BenDeLaCreme,SAFE
6,9,BenDeLaCreme,SAFE
6,10,BenDeLaCreme,SAFE
6,11,BenDeLaCreme,ELIM
6,13,BenDeLaCreme,Miss C
6,2,Joslyn Fox,SAFE
6,3,Joslyn Fox,SAFE
6,4,Joslyn Fox,SAFE
6,5,Joslyn Fox,SAFE
6,6,Joslyn Fox,SAFE
6,7,Joslyn Fox,SAFE
6,8,Joslyn Fox,BTM
6,9,Joslyn Fox,SAFE
6,10,Joslyn Fox,ELIM
6,12,Joslyn Fox,Guest
6,2,Trinity K. Bonet,SAFE
6,3,Trinity K. Bonet,SAFE
6,4,Trinity K. Bonet,BTM
6,5,Trinity K. Bonet,SAFE
6,6,Trinity K. Bonet,BTM
6,7,Trinity K. Bonet,SAFE
6,8,Trinity K. Bonet,SAFE
6,9,Trinity K. Bonet,ELIM
6,11,Trinity K. Bonet,Guest
6,1,Laganja Estranja,SAFE
6,3,Laganja Estranja,SAFE
6,4,Laganja Estranja,SAFE
6,5,Laganja Estranja,BTM
6,6,Laganja Estranja,SAFE
6,7,Laganja Estranja,WIN
6,8,Laganja Estranja,ELIM
6,10,Laganja Estranja,Guest
6,2,Milk,SAFE
6,3,Milk,SAFE
6,4,Milk,SAFE
6,5,Milk,SAFE
6,6,Milk,ELIM
6,8,Milk,Guest
6,1,Gia Gunn,SAFE
6,3,Gia Gunn,SAFE
6,4,Gia Gunn,SAFE
6,5,Gia Gunn,ELIM
6,7,Gia Gunn,Guest
6,1,April Carrión,SAFE
6,3,April Carrión,BTM
6,4,April Carrión,ELIM
6,6,April Carrión,Guest
6,1,Vivacious,BTM
6,3,Vivacious,ELIM
6,5,Vivacious,Guest
6,2,Magnolia Crawford,ELIM
6,4,Magnolia Crawford,Guest
6,1,Kelly Mantle,ELIM
6,3,Kelly Mantle,Guest
7,1,Violet Chachki,WIN
7,2,Violet Chachki,SAFE
7,3,Violet Chachki,SAFE
7,4,Violet Chachki,SAFE
7,5,Violet Chachki,SAFE
7,6,Violet Chachki,SAFE
7,7,Violet Chachki,SAFE
7,8,Violet Chachki,SAFE
7,9,Violet Chachki,SAFE
7,10,Violet Chachki,WIN
7,11,Violet Chachki,WIN
7,12,Violet Chachki,SAFE
7,13,Violet Chachki,Winner
7,1,Ginger Minj,SAFE
7,2,Ginger Minj,WIN
7,3,Ginger Minj,SAFE
7,4,Ginger Minj,SAFE
7,5,Ginger Minj,SAFE
7,6,Ginger Minj,SAFE
7,7,Ginger Minj,WIN
7,8,Ginger Minj,BTM
7,9,Ginger Minj,WIN
7,10,Ginger Minj,BTM
7,11,Ginger Minj,SAFE
7,12,Ginger Minj,SAFE
7,13,Ginger Minj,Runner-up
7,1,Pearl,SAFE
7,2,Pearl,SAFE
7,3,Pearl,SAFE
7,4,Pearl,BTM
7,5,Pearl,WIN
7,6,Pearl,SAFE
7,7,Pearl,SAFE
7,8,Pearl,WIN
7,9,Pearl,BTM
7,10,Pearl,SAFE
7,11,Pearl,SAFE
7,12,Pearl,SAFE
7,13,Pearl,Runner-up
7,1,Kennedy Davenport,SAFE
7,2,Kennedy Davenport,SAFE
7,3,Kennedy Davenport,BTM
7,4,Kennedy Davenport,WIN
7,5,Kennedy Davenport,SAFE
7,6,Kennedy Davenport,SAFE
7,7,Kennedy Davenport,WIN
7,8,Kennedy Davenport,SAFE
7,9,Kennedy Davenport,SAFE
7,10,Kennedy Davenport,SAFE
7,11,Kennedy Davenport,BTM
7,12,Kennedy Davenport,ELIM
7,13,Kennedy Davenport,Guest
7,1,Katya,SAFE
7,2,Katya,BTM
7,3,Katya,SAFE
7,4,Katya,SAFE
7,5,Katya,SAFE
7,6,Katya,WIN
7,7,Katya,SAFE
7,8,Katya,SAFE
7,9,Katya,SAFE
7,10,Katya,WIN
7,11,Katya,ELIM
7,13,Katya,Miss C
7,1,Trixie Mattel,SAFE
7,2,Trixie Mattel,SAFE
7,3,Trixie Mattel,SAFE
7,4,Trixie Mattel,ELIM
7,6,Trixie Mattel,IN
7,7,Trixie Mattel,SAFE
7,8,Trixie Mattel,ELIM
7,10,Trixie Mattel,Guest
7,1,Miss Fame,SAFE
7,2,Miss Fame,SAFE
7,3,Miss Fame,SAFE
7,4,Miss Fame,SAFE
7,5,Miss Fame,SAFE
7,6,Miss Fame,SAFE
7,7,Miss Fame,SAFE
7,8,Miss Fame,SAFE
7,9,Miss Fame,ELIM
7,11,Miss Fame,Guest
7,1,Jaidynn Diore Fierce,SAFE
7,2,Jaidynn Diore Fierce,SAFE
7,3,Jaidynn Diore Fierce,SAFE
7,4,Jaidynn Diore Fierce,SAFE
7,5,Jaidynn Diore Fierce,SAFE
7,6,Jaidynn Diore Fierce,BTM
7,7,Jaidynn Diore Fierce,BTM
7,8,Jaidynn Diore Fierce,ELIM
7,10,Jaidynn Diore Fierce,Guest
7,1,Max,SAFE
7,2,Max,SAFE
7,3,Max,WIN
7,4,Max,SAFE
7,5,Max,WIN
7,6,Max,SAFE
7,7,Max,ELIM
7,8,Max,OUT
7,10,Max,Guest
7,1,Kandy Ho,BTM
7,2,Kandy Ho,SAFE
7,3,Kandy Ho,SAFE
7,4,Kandy Ho,SAFE
7,5,Kandy Ho,BTM
7,6,Kandy Ho,ELIM
7,8,Kandy Ho,OUT
7,10,Kandy Ho,Guest
7,1,Mrs. Kasha Davis,SAFE
7,2,Mrs. Kasha Davis,SAFE
7,3,Mrs. Kasha Davis,SAFE
7,4,Mrs. Kasha Davis,SAFE
7,5,Mrs. Kasha Davis,ELIM
7,7,Mrs. Kasha Davis,OUT
7,9,Mrs. Kasha Davis,Guest
7,1,Jasmine Masters,SAFE
7,2,Jasmine Masters,SAFE
7,3,Jasmine Masters,ELIM
7,5,Jasmine Masters,OUT
7,7,Jasmine Masters,Guest
7,1,Sasha Belle,SAFE
7,2,Sasha Belle,ELIM
7,4,Sasha Belle,OUT
7,6,Sasha Belle,Guest
7,1,Tempest DuJour,ELIM
7,3,Tempest DuJour,OUT
7,5,Tempest DuJour,Guest
8,1,Bob the Drag Queen,SAFE
8,2,Bob the Drag Queen,SAFE
8,3,Bob the Drag Queen,WIN
8,4,Bob the Drag Queen,SAFE
8,5,Bob the Drag Queen,WIN
8,6,Bob the Drag Queen,SAFE
8,7,Bob the Drag Queen,WIN
8,8,Bob the Drag Queen,BTM
8,9,Bob the Drag Queen,SAFE
8,10,Bob the Drag Queen,Winner
8,1,Kim Chi,WIN
8,2,Kim Chi,SAFE
8,3,Kim Chi,SAFE
8,4,Kim Chi,SAFE
8,5,Kim Chi,SAFE
8,6,Kim Chi,SAFE
8,7,Kim Chi,SAFE
8,8,Kim Chi,WIN
8,9,Kim Chi,SAFE
8,10,Kim Chi,Runner-up
8,1,Naomi Smalls,SAFE
8,2,Naomi Smalls,SAFE
8,3,Naomi Smalls,SAFE
8,4,Naomi Smalls,SAFE
8,5,Naomi Smalls,BTM
8,6,Naomi Smalls,WIN
8,7,Naomi Smalls,SAFE
8,8,Naomi Smalls,SAFE
8,9,Naomi Smalls,SAFE
8,10,Naomi Smalls,Runner-up
8,1,Chi Chi DeVayne,SAFE
8,2,Chi Chi DeVayne,WIN
8,3,Chi Chi DeVayne,SAFE
8,4,Chi Chi DeVayne,BTM
8,5,Chi Chi DeVayne,SAFE
8,6,Chi Chi DeVayne,SAFE
8,7,Chi Chi DeVayne,BTM
8,8,Chi Chi DeVayne,SAFE
8,9,Chi Chi DeVayne,ELIM
8,10,Chi Chi DeVayne,Guest
8,1,Derrick Barry,SAFE
8,2,Derrick Barry,SAFE
8,3,Derrick Barry,SAFE
8,4,Derrick Barry,SAFE
8,5,Derrick Barry,SAFE
8,6,Derrick Barry,BTM
8,7,Derrick Barry,WIN
8,8,Derrick Barry,ELIM
8,10,Derrick Barry,Guest
8,1,Thorgy Thor,SAFE
8,2,Thorgy Thor,SAFE
8,3,Thorgy Thor,SAFE
8,4,Thorgy Thor,SAFE
8,5,Thorgy Thor,SAFE
8,6,Thorgy Thor,SAFE
8,7,Thorgy Thor,ELIM
8,9,Thorgy Thor,Guest
8,1,Robbie Turner,SAFE
8,2,Robbie Turner,SAFE
8,3,Robbie Turner,BTM
8,4,Robbie Turner,WIN
8,5,Robbie Turner,SAFE
8,6,Robbie Turner,ELIM
8,8,Robbie Turner,Guest
8,1,Acid Betty,SAFE
8,2,Acid Betty,SAFE
8,3,Acid Betty,SAFE
8,4,Acid Betty,SAFE
8,5,Acid Betty,ELIM
8,7,Acid Betty,Guest
8,1,Naysha Lopez,ELIM
8,3,Naysha Lopez,SAFE
8,4,Naysha Lopez,ELIM
8,6,Naysha Lopez,Guest
8,1,Cynthia Lee Fontaine,SAFE
8,2,Cynthia Lee Fontaine,SAFE
8,3,Cynthia Lee Fontaine,ELIM
8,5,Cynthia Lee Fontaine,Miss C
8,1,Dax ExclamationPoint,SAFE
8,2,Dax ExclamationPoint,ELIM
8,4,Dax ExclamationPoint,Guest
8,1,Laila McQueen,BTM
8,2,Laila McQueen,ELIM
8,4,Laila McQueen,Guest
9,1,Sasha Velour,SAFE
9,2,Sasha Velour,SAFE
9,3,Sasha Velour,SAFE
9,4,Sasha Velour,WIN
9,5,Sasha Velour,SAFE
9,6,Sasha Velour,SAFE
9,7,Sasha Velour,SAFE
9,8,Sasha Velour,SAFE
9,9,Sasha Velour,WIN
9,10,Sasha Velour,SAFE
9,11,Sasha Velour,SAFE
9,12,Sasha Velour,SAFE
9,13,Sasha Velour,Guest
9,14,Sasha Velour,Winner
9,1,Peppermint,SAFE
9,2,Peppermint,SAFE
9,3,Peppermint,SAFE
9,4,Peppermint,SAFE
9,5,Peppermint,SAFE
9,6,Peppermint,BTM
9,7,Peppermint,SAFE
9,8,Peppermint,WIN
9,9,Peppermint,SAFE
9,10,Peppermint,SAFE
9,11,Peppermint,BTM
9,12,Peppermint,SAFE
9,13,Peppermint,Guest
9,14,Peppermint,Runner-up
9,1,Shea Couleé,SAFE
9,2,Shea Couleé,SAFE
9,3,Shea Couleé,SAFE
9,4,Shea Couleé,WIN
9,5,Shea Couleé,WIN
9,6,Shea Couleé,SAFE
9,7,Shea Couleé,SAFE
9,8,Shea Couleé,SAFE
9,9,Shea Couleé,WIN
9,10,Shea Couleé,BTM
9,11,Shea Couleé,WIN
9,12,Shea Couleé,SAFE
9,13,Shea Couleé,Guest
9,14,Shea Couleé,Eliminated
9,1,Trinity Taylor,SAFE
9,2,Trinity Taylor,SAFE
9,3,Trinity Taylor,WIN
9,4,Trinity Taylor,BTM
9,5,Trinity Taylor,SAFE
9,6,Trinity Taylor,SAFE
9,7,Trinity Taylor,WIN
9,8,Trinity Taylor,SAFE
9,9,Trinity Taylor,SAFE
9,10,Trinity Taylor,WIN
9,11,Trinity Taylor,SAFE
9,12,Trinity Taylor,SAFE
9,13,Trinity Taylor,Guest
9,14,Trinity Taylor,Eliminated
9,1,Alexis Michelle,SAFE
9,2,Alexis Michelle,SAFE
9,3,Alexis Michelle,SAFE
9,4,Alexis Michelle,SAFE
9,5,Alexis Michelle,SAFE
9,6,Alexis Michelle,WIN
9,7,Alexis Michelle,SAFE
9,8,Alexis Michelle,BTM
9,9,Alexis Michelle,SAFE
9,10,Alexis Michelle,SAFE
9,11,Alexis Michelle,ELIM
9,13,Alexis Michelle,Guest
9,14,Alexis Michelle,Guest
9,1,Nina Bo'nina Brown,WIN
9,2,Nina Bo'nina Brown,SAFE
9,3,Nina Bo'nina Brown,SAFE
9,4,Nina Bo'nina Brown,SAFE
9,5,Nina Bo'nina Brown,SAFE
9,6,Nina Bo'nina Brown,SAFE
9,7,Nina Bo'nina Brown,BTM
9,8,Nina Bo'nina Brown,SAFE
9,9,Nina Bo'nina Brown,BTM
9,10,Nina Bo'nina Brown,ELIM
9,12,Nina Bo'nina Brown,Guest
9,13,Nina Bo'nina Brown,Guest
9,1,Valentina,SAFE
9,2,Valentina,WIN
9,3,Valentina,SAFE
9,4,Valentina,SAFE
9,5,Valentina,SAFE
9,6,Valentina,SAFE
9,7,Valentina,SAFE
9,8,Valentina,SAFE
9,9,Valentina,ELIM
9,11,Valentina,Miss C
9,12,Valentina,Guest
9,1,Farrah Moan,SAFE
9,2,Farrah Moan,SAFE
9,3,Farrah Moan,SAFE
9,4,Farrah Moan,SAFE
9,5,Farrah Moan,BTM
9,6,Farrah Moan,SAFE
9,7,Farrah Moan,SAFE
9,8,Farrah Moan,ELIM
9,10,Farrah Moan,Guest
9,11,Farrah Moan,Guest
9,1,Aja,SAFE
9,2,Aja,SAFE
9,3,Aja,BTM
9,4,Aja,SAFE
9,5,Aja,SAFE
9,6,Aja,SAFE
9,7,Aja,ELIM
9,9,Aja,Guest
9,10,Aja,Guest
9,2,Cynthia Lee Fontaine,SAFE
9,3,Cynthia Lee Fontaine,SAFE
9,4,Cynthia Lee Fontaine,SAFE
9,5,Cynthia Lee Fontaine,BTM
9,6,Cynthia Lee Fontaine,ELIM
9,8,Cynthia Lee Fontaine,Guest
9,9,Cynthia Lee Fontaine,Guest
9,1,Eureka,SAFE
9,2,Eureka,SAFE
9,3,Eureka,SAFE
9,4,Eureka,SAFE
9,5,Eureka,WDR
9,7,Eureka,Guest
9,8,Eureka,Guest
9,1,Charlie Hides,SAFE
9,2,Charlie Hides,SAFE
9,3,Charlie Hides,SAFE
9,4,Charlie Hides,ELIM
9,6,Charlie Hides,Guest
9,7,Charlie Hides,Guest
9,1,Kimora Blac,SAFE
9,2,Kimora Blac,BTM
9,3,Kimora Blac,ELIM
9,5,Kimora Blac,Guest
9,6,Kimora Blac,Guest
9,1,Jaymes Mansfield,SAFE
9,2,Jaymes Mansfield,ELIM
9,4,Jaymes Mansfield,Guest
9,5,Jaymes Mansfield,Guest
10,1,Aquaria,SAFE
10,2,Aquaria,SAFE
10,3,Aquaria,SAFE
10,4,Aquaria,WIN
10,5,Aquaria,SAFE
10,6,Aquaria,SAFE
10,7,Aquaria,WIN
10,8,Aquaria,SAFE
10,9,Aquaria,SAFE
10,10,Aquaria,SAFE
10,11,Aquaria,WIN
10,12,Aquaria,SAFE
10,13,Aquaria,Guest
10,14,Aquaria,Winner
10,1,Eureka,SAFE
10,2,Eureka,BTM
10,3,Eureka,SAFE
10,4,Eureka,SAFE
10,5,Eureka,WIN
10,6,Eureka,WIN
10,7,Eureka,SAFE
10,8,Eureka,SAFE
10,9,Eureka,BTM
10,10,Eureka,SAFE
10,11,Eureka,SAFE
10,12,Eureka,SAFE
10,13,Eureka,Guest
10,14,Eureka,Runner-up
10,1,Kameron Michaels,SAFE
10,2,Kameron Michaels,SAFE
10,3,Kameron Michaels,SAFE
10,4,Kameron Michaels,SAFE
10,5,Kameron Michaels,SAFE
10,6,Kameron Michaels,SAFE
10,7,Kameron Michaels,SAFE
10,8,Kameron Michaels,WIN
10,9,Kameron Michaels,BTM
10,10,Kameron Michaels,BTM
10,11,Kameron Michaels,BTM
10,12,Kameron Michaels,SAFE
10,13,Kameron Michaels,Guest
10,14,Kameron Michaels,Runner-up
10,1,Asia O'Hara,SAFE
10,2,Asia O'Hara,SAFE
10,3,Asia O'Hara,WIN
10,4,Asia O'Hara,SAFE
10,5,Asia O'Hara,SAFE
10,6,Asia O'Hara,SAFE
10,7,Asia O'Hara,SAFE
10,8,Asia O'Hara,BTM
10,9,Asia O'Hara,WIN
10,10,Asia O'Hara,SAFE
10,11,Asia O'Hara,SAFE
10,12,Asia O'Hara,SAFE
10,13,Asia O'Hara,Guest
10,14,Asia O'Hara,Eliminated
10,1,Miz Cracker,SAFE
10,2,Miz Cracker,SAFE
10,3,Miz Cracker,SAFE
10,4,Miz Cracker,SAFE
10,5,Miz Cracker,SAFE
10,6,Miz Cracker,SAFE
10,7,Miz Cracker,SAFE
10,8,Miz Cracker,SAFE
10,9,Miz Cracker,SAFE
10,10,Miz Cracker,WIN
10,11,Miz Cracker,ELIM
10,13,Miz Cracker,Guest
10,14,Miz Cracker,Guest
10,1,Monét X Change,SAFE
10,2,Monét X Change,SAFE
10,3,Monét X Change,SAFE
10,4,Monét X Change,BTM
10,5,Monét X Change,BTM
10,6,Monét X Change,SAFE
10,7,Monét X Change,SAFE
10,8,Monét X Change,SAFE
10,9,Monét X Change,SAFE
10,10,Monét X Change,ELIM
10,12,Monét X Change,Guest
10,13,Monét X Change,Miss C
10,1,The Vixen,SAFE
10,2,The Vixen,WIN
10,3,The Vixen,SAFE
10,4,The Vixen,SAFE
10,5,The Vixen,SAFE
10,6,The Vixen,BTM
10,7,The Vixen,BTM
10,8,The Vixen,ELIM
10,10,The Vixen,Guest
10,11,The Vixen,Guest
10,1,Monique Heart,SAFE
10,2,Monique Heart,SAFE
10,3,Monique Heart,SAFE
10,4,Monique Heart,SAFE
10,5,Monique Heart,SAFE
10,6,Monique Heart,SAFE
10,7,Monique Heart,ELIM
10,9,Monique Heart,Guest
10,10,Monique Heart,Guest
10,1,Blair St. Clair,SAFE
10,2,Blair St. Clair,SAFE
10,3,Blair St. Clair,SAFE
10,4,Blair St. Clair,SAFE
10,5,Blair St. Clair,SAFE
10,6,Blair St. Clair,ELIM
10,8,Blair St. Clair,Guest
10,9,Blair St. Clair,Guest
10,1,Mayhem Miller,WIN
10,2,Mayhem Miller,SAFE
10,3,Mayhem Miller,BTM
10,4,Mayhem Miller,SAFE
10,5,Mayhem Miller,ELIM
10,7,Mayhem Miller,Guest
10,8,Mayhem Miller,Guest
10,1,Dusty Ray Bottoms,SAFE
10,2,Dusty Ray Bottoms,SAFE
10,3,Dusty Ray Bottoms,SAFE
10,4,Dusty Ray Bottoms,ELIM
10,6,Dusty Ray Bottoms,Guest
10,7,Dusty Ray Bottoms,Guest
10,1,Yuhua Hamasaki,SAFE
10,2,Yuhua Hamasaki,SAFE
10,3,Yuhua Hamasaki,ELIM
10,5,Yuhua Hamasaki,Guest
10,6,Yuhua Hamasaki,Guest
10,1,Kalorie Karbdashian Williams,BTM
10,2,Kalorie Karbdashian Williams,ELIM
10,4,Kalorie Karbdashian Williams,Guest
10,5,Kalorie Karbdashian Williams,Guest
10,1,Vanessa Vanjie Mateo,ELIM
10,3,Vanessa Vanjie Mateo,Guest
10,4,Vanessa Vanjie Mateo,Guest
11,1,Yvie Oddly,SAFE
11,2,Yvie Oddly,WIN
11,3,Yvie Oddly,SAFE
11,4,Yvie Oddly,SAFE
11,5,Yvie Oddly,SAFE
11,6,Yvie Oddly,SAFE
11,7,Yvie Oddly,SAFE
11,8,Yvie Oddly,BTM
11,9,Yvie Oddly,SAFE
11,10,Yvie Oddly,SAFE
11,11,Yvie Oddly,SAFE
11,12,Yvie Oddly,SAFE
11,13,Yvie Oddly,Guest
11,14,Yvie Oddly,Winner
11,1,Brooke Lynn Hytes,WIN
11,2,Brooke Lynn Hytes,SAFE
11,3,Brooke Lynn Hytes,SAFE
11,4,Brooke Lynn Hytes,SAFE
11,5,Brooke Lynn Hytes,WIN
11,6,Brooke Lynn Hytes,SAFE
11,7,Brooke Lynn Hytes,SAFE
11,8,Brooke Lynn Hytes,BTM
11,9,Brooke Lynn Hytes,SAFE
11,10,Brooke Lynn Hytes,SAFE
11,11,Brooke Lynn Hytes,WIN
11,12,Brooke Lynn Hytes,BTM
11,13,Brooke Lynn Hytes,Guest
11,14,Brooke Lynn Hytes,Runner-up
11,1,A'keria C. Davenport,SAFE
11,2,A'keria C. Davenport,SAFE
11,3,A'keria C. Davenport,BTM
11,4,A'keria C. Davenport,SAFE
11,5,A'keria C. Davenport,SAFE
11,6,A'keria C. Davenport,WIN
11,7,A'keria C. Davenport,BTM
11,8,A'keria C. Davenport,SAFE
11,9,A'keria C. Davenport,WIN
11,10,A'keria C. Davenport,SAFE
11,11,A'keria C. Davenport,SAFE
11,12,A'keria C. Davenport,SAFE
11,13,A'keria C. Davenport,Guest
11,14,A'keria C. Davenport,Eliminated
11,1,Silky Nutmeg Ganache,SAFE
11,2,Silky Nutmeg Ganache,SAFE
11,3,Silky Nutmeg Ganache,SAFE
11,4,Silky Nutmeg Ganache,WIN
11,5,Silky Nutmeg Ganache,SAFE
11,6,Silky Nutmeg Ganache,SAFE
11,7,Silky Nutmeg Ganache,SAFE
11,8,Silky Nutmeg Ganache,WIN
11,9,Silky Nutmeg Ganache,SAFE
11,10,Silky Nutmeg Ganache,SAFE
11,11,Silky Nutmeg Ganache,BTM
11,12,Silky Nutmeg Ganache,SAFE
11,13,Silky Nutmeg Ganache,Guest
11,14,Silky Nutmeg Ganache,Eliminated
11,1,Vanessa Vanjie Mateo,SAFE
11,2,Vanessa Vanjie Mateo,SAFE
11,3,Vanessa Vanjie Mateo,SAFE
11,4,Vanessa Vanjie Mateo,SAFE
11,5,Vanessa Vanjie Mateo,SAFE
11,6,Vanessa Vanjie Mateo,SAFE
11,7,Vanessa Vanjie Mateo,SAFE
11,8,Vanessa Vanjie Mateo,SAFE
11,9,Vanessa Vanjie Mateo,BTM
11,10,Vanessa Vanjie Mateo,BTM
11,11,Vanessa Vanjie Mateo,SAFE
11,12,Vanessa Vanjie Mateo,ELIM
11,13,Vanessa Vanjie Mateo,Guest
11,14,Vanessa Vanjie Mateo,Guest
11,1,Nina West,SAFE
11,2,Nina West,SAFE
11,3,Nina West,WIN
11,4,Nina West,SAFE
11,5,Nina West,SAFE
11,6,Nina West,SAFE
11,7,Nina West,SAFE
11,8,Nina West,SAFE
11,9,Nina West,SAFE
11,10,Nina West,WIN
11,11,Nina West,ELIM
11,13,Nina West,Guest
11,14,Nina West,Miss C
11,1,Shuga Cain,SAFE
11,2,Shuga Cain,SAFE
11,3,Shuga Cain,BTM
11,4,Shuga Cain,SAFE
11,5,Shuga Cain,BTM
11,6,Shuga Cain,SAFE
11,7,Shuga Cain,SAFE
11,8,Shuga Cain,SAFE
11,9,Shuga Cain,SAFE
11,10,Shuga Cain,ELIM
11,11,Shuga Cain,Guest
11,13,Shuga Cain,Guest
11,14,Shuga Cain,Guest
11,1,Plastique Tiara,SAFE
11,2,Plastique Tiara,SAFE
11,3,Plastique Tiara,BTM
11,4,Plastique Tiara,SAFE
11,5,Plastique Tiara,SAFE
11,6,Plastique Tiara,SAFE
11,7,Plastique Tiara,WIN
11,8,Plastique Tiara,SAFE
11,9,Plastique Tiara,ELIM
11,11,Plastique Tiara,Guest
11,13,Plastique Tiara,Guest
11,14,Plastique Tiara,Guest
11,1,Ra'Jah O'Hara,SAFE
11,2,Ra'Jah O'Hara,SAFE
11,3,Ra'Jah O'Hara,BTM
11,4,Ra'Jah O'Hara,BTM
11,5,Ra'Jah O'Hara,SAFE
11,6,Ra'Jah O'Hara,BTM
11,7,Ra'Jah O'Hara,ELIM
11,9,Ra'Jah O'Hara,Guest
11,10,Ra'Jah O'Hara,Guest
11,1,Scarlet Envy,SAFE
11,2,Scarlet Envy,WIN
11,3,Scarlet Envy,BTM
11,4,Scarlet Envy,SAFE
11,5,Scarlet Envy,SAFE
11,6,Scarlet Envy,ELIM
11,8,Scarlet Envy,Guest
11,10,Scarlet Envy,Guest
11,11,Scarlet Envy,Guest
11,1,Ariel Versace,SAFE
11,2,Ariel Versace,SAFE
11,3,Ariel Versace,SAFE
11,4,Ariel Versace,SAFE
11,5,Ariel Versace,ELIM
11,7,Ariel Versace,Guest
11,9,Ariel Versace,Guest
11,10,Ariel Versace,Guest
11,1,Mercedes Iman Diamond,SAFE
11,2,Mercedes Iman Diamond,BTM
11,3,Mercedes Iman Diamond,SAFE
11,4,Mercedes Iman Diamond,ELIM
11,6,Mercedes Iman Diamond,Guest
11,7,Mercedes Iman Diamond,Guest
11,1,Honey Davenport,SAFE
11,2,Honey Davenport,SAFE
11,3,Honey Davenport,ELIM
11,5,Honey Davenport,Guest
11,7,Honey Davenport,Guest
11,8,Honey Davenport,Guest
11,1,Kahanna Montrese,BTM
11,2,Kahanna Montrese,ELIM
11,4,Kahanna Montrese,Guest
11,5,Kahanna Montrese,Guest
11,1,Soju,ELIM
11,3,Soju,Guest
11,5,Soju,Guest
11,6,Soju,Guest
12,2,Jaida Essence Hall,WIN
12,3,Jaida Essence Hall,SAFE
12,4,Jaida Essence Hall,SAFE
12,5,Jaida Essence Hall,SAFE
12,6,Jaida Essence Hall,SAFE
12,7,Jaida Essence Hall,SAFE
12,8,Jaida Essence Hall,SAFE
12,9,Jaida Essence Hall,WIN
12,10,Jaida Essence Hall,WIN
12,11,Jaida Essence Hall,BTM
12,12,Jaida Essence Hall,SAFE
12,13,Jaida Essence Hall,Guest
12,14,Jaida Essence Hall,Winner
12,1,Crystal Methyd,SAFE
12,3,Crystal Methyd,SAFE
12,4,Crystal Methyd,SAFE
12,5,Crystal Methyd,SAFE
12,6,Crystal Methyd,SAFE
12,7,Crystal Methyd,SAFE
12,8,Crystal Methyd,SAFE
12,9,Crystal Methyd,SAFE
12,10,Crystal Methyd,SAFE
12,11,Crystal Methyd,WIN
12,12,Crystal Methyd,BTM
12,13,Crystal Methyd,Guest
12,14,Crystal Methyd,Runner-up
12,1,Gigi Goode,TOP2
12,3,Gigi Goode,SAFE
12,4,Gigi Goode,WIN
12,5,Gigi Goode,SAFE
12,6,Gigi Goode,WIN
12,7,Gigi Goode,WIN
12,8,Gigi Goode,SAFE
12,9,Gigi Goode,SAFE
12,10,Gigi Goode,SAFE
12,11,Gigi Goode,SAFE
12,12,Gigi Goode,WIN
12,13,Gigi Goode,Guest
12,14,Gigi Goode,Runner-up
12,2,Sherry Pie,TOP2
12,3,Sherry Pie,WIN
12,4,Sherry Pie,SAFE
12,5,Sherry Pie,WIN
12,6,Sherry Pie,SAFE
12,7,Sherry Pie,SAFE
12,8,Sherry Pie,SAFE
12,9,Sherry Pie,SAFE
12,10,Sherry Pie,SAFE
12,11,Sherry Pie,SAFE
12,12,Sherry Pie,SAFE
12,13,Sherry Pie,DISQ
12,1,Jackie Cox,SAFE
12,3,Jackie Cox,SAFE
12,4,Jackie Cox,SAFE
12,5,Jackie Cox,SAFE
12,6,Jackie Cox,SAFE
12,7,Jackie Cox,SAFE
12,8,Jackie Cox,SAFE
12,9,Jackie Cox,BTM
12,10,Jackie Cox,BTM
12,11,Jackie Cox,SAFE
12,12,Jackie Cox,ELIM
12,13,Jackie Cox,Guest
12,14,Jackie Cox,Guest
12,1,Heidi N Closet,SAFE
12,3,Heidi N Closet,SAFE
12,4,Heidi N Closet,SAFE
12,5,Heidi N Closet,BTM
12,6,Heidi N Closet,SAFE
12,7,Heidi N Closet,BTM
12,8,Heidi N Closet,WIN
12,9,Heidi N Closet,SAFE
12,10,Heidi N Closet,BTM
12,11,Heidi N Closet,ELIM
12,13,Heidi N Closet,Guest
12,14,Heidi N Closet,Miss C
12,1,Widow Von'Du,WIN
12,3,Widow Von'Du,SAFE
12,4,Widow Von'Du,SAFE
12,5,Widow Von'Du,SAFE
12,6,Widow Von'Du,SAFE
12,7,Widow Von'Du,SAFE
12,8,Widow Von'Du,BTM
12,9,Widow Von'Du,ELIM
12,11,Widow Von'Du,Guest
12,12,Widow Von'Du,Guest
12,2,Jan,SAFE
12,3,Jan,SAFE
12,4,Jan,SAFE
12,5,Jan,SAFE
12,6,Jan,SAFE
12,7,Jan,SAFE
12,8,Jan,ELIM
12,10,Jan,Guest
12,11,Jan,Guest
12,1,Brita,SAFE
12,3,Brita,SAFE
12,4,Brita,BTM
12,5,Brita,SAFE
12,6,Brita,BTM
12,7,Brita,ELIM
12,9,Brita,Guest
12,10,Brita,Guest
12,2,Aiden Zhane,SAFE
12,3,Aiden Zhane,SAFE
12,4,Aiden Zhane,SAFE
12,5,Aiden Zhane,SAFE
12,6,Aiden Zhane,ELIM
12,8,Aiden Zhane,Guest
12,9,Aiden Zhane,Guest
12,1,Nicky Doll,SAFE
12,3,Nicky Doll,BTM
12,4,Nicky Doll,SAFE
12,5,Nicky Doll,ELIM
12,7,Nicky Doll,Guest
12,8,Nicky Doll,Guest
12,2,Rock M. Sakura,SAFE
12,3,Rock M. Sakura,SAFE
12,4,Rock M. Sakura,ELIM
12,6,Rock M. Sakura,Guest
12,7,Rock M. Sakura,Guest
12,2,Dahlia Sin,SAFE
12,3,Dahlia Sin,ELIM
12,5,Dahlia Sin,Guest
12,6,Dahlia Sin,Guest
13,1,Symone,STAY
13,2,Symone,WIN
13,4,Symone,WIN
13,5,Symone,SAFE
13,6,Symone,SAFE
13,7,Symone,SAFE
13,8,Symone,BTM
13,9,Symone,SAFE
13,10,Symone,WIN
13,11,Symone,WIN
13,12,Symone,BTM
13,13,Symone,SAFE
13,14,Symone,SAFE
13,15,Symone,Guest
13,16,Symone,Winner
13,1,Kandy Muse,STAY
13,2,Kandy Muse,SAFE
13,4,Kandy Muse,SAFE
13,5,Kandy Muse,SAFE
13,6,Kandy Muse,BTM
13,7,Kandy Muse,SAFE
13,8,Kandy Muse,BTM
13,9,Kandy Muse,SAFE
13,10,Kandy Muse,SAFE
13,11,Kandy Muse,SAFE
13,12,Kandy Muse,WIN
13,13,Kandy Muse,BTM
13,14,Kandy Muse,SAFE
13,15,Kandy Muse,Guest
13,16,Kandy Muse,Runner-up
13,1,Gottmik,STAY
13,2,Gottmik,SAFE
13,4,Gottmik,SAFE
13,5,Gottmik,WIN
13,6,Gottmik,SAFE
13,7,Gottmik,SAFE
13,8,Gottmik,SAFE
13,9,Gottmik,WIN
13,10,Gottmik,SAFE
13,11,Gottmik,SAFE
13,12,Gottmik,SAFE
13,13,Gottmik,SAFE
13,14,Gottmik,SAFE
13,15,Gottmik,Guest
13,16,Gottmik,Eliminated
13,1,Rosé,LOSS
13,3,Rosé,TOP2
13,4,Rosé,SAFE
13,5,Rosé,SAFE
13,6,Rosé,SAFE
13,7,Rosé,SAFE
13,8,Rosé,WIN
13,9,Rosé,SAFE
13,10,Rosé,SAFE
13,11,Rosé,WIN
13,12,Rosé,SAFE
13,13,Rosé,WIN
13,14,Rosé,SAFE
13,15,Rosé,Guest
13,16,Rosé,Eliminated
13,1,Olivia Lux,STAY
13,2,Olivia Lux,TOP2
13,4,Olivia Lux,SAFE
13,5,Olivia Lux,SAFE
13,6,Olivia Lux,WIN
13,7,Olivia Lux,WIN
13,8,Olivia Lux,SAFE
13,9,Olivia Lux,SAFE
13,10,Olivia Lux,BTM
13,11,Olivia Lux,SAFE
13,12,Olivia Lux,SAFE
13,13,Olivia Lux,ELIM
13,15,Olivia Lux,Guest
13,16,Olivia Lux,Guest
13,1,Utica Queen,LOSS
13,3,Utica Queen,SAFE
13,4,Utica Queen,SAFE
13,5,Utica Queen,SAFE
13,6,Utica Queen,SAFE
13,7,Utica Queen,SAFE
13,8,Utica Queen,SAFE
13,9,Utica Queen,BTM
13,10,Utica Queen,WIN
13,11,Utica Queen,BTM
13,12,Utica Queen,ELIM
13,14,Utica Queen,Guest
13,15,Utica Queen,Guest
13,1,Tina Burner,STAY
13,2,Tina Burner,SAFE
13,4,Tina Burner,SAFE
13,5,Tina Burner,SAFE
13,6,Tina Burner,SAFE
13,7,Tina Burner,SAFE
13,8,Tina Burner,SAFE
13,9,Tina Burner,SAFE
13,10,Tina Burner,SAFE
13,11,Tina Burner,ELIM
13,13,Tina Burner,Guest
13,14,Tina Burner,Guest
13,1,Denali,LOSS
13,3,Denali,WIN
13,4,Denali,BTM
13,5,Denali,SAFE
13,6,Denali,SAFE
13,7,Denali,SAFE
13,8,Denali,SAFE
13,9,Denali,SAFE
13,10,Denali,ELIM
13,12,Denali,Guest
13,13,Denali,Guest
13,1,Elliott with 2 Ts,LOSS
13,2,Elliott with 2 Ts,SAFE
13,4,Elliott with 2 Ts,SAFE
13,5,Elliott with 2 Ts,SAFE
13,6,Elliott with 2 Ts,SAFE
13,7,Elliott with 2 Ts,BTM
13,8,Elliott with 2 Ts,SAFE
13,9,Elliott with 2 Ts,ELIM
13,11,Elliott with 2 Ts,Guest
13,12,Elliott with 2 Ts,Guest
13,1,LaLa Ri,STAY
13,2,LaLa Ri,SAFE
13,4,LaLa Ri,SAFE
13,5,LaLa Ri,BTM
13,6,LaLa Ri,SAFE
13,7,LaLa Ri,ELIM
13,9,LaLa Ri,Guest
13,10,LaLa Ri,Miss C
13,1,Tamisha Iman,LOSS
13,3,Tamisha Iman,SAFE
13,4,Tamisha Iman,SAFE
13,5,Tamisha Iman,SAFE
13,6,Tamisha Iman,ELIM
13,8,Tamisha Iman,Guest
13,9,Tamisha Iman,Guest
13,1,Joey Jay,LOSS
13,3,Joey Jay,SAFE
13,4,Joey Jay,SAFE
13,5,Joey Jay,ELIM
13,7,Joey Jay,Guest
13,8,Joey Jay,Guest
13,1,Kahmora Hall,LOSS
13,3,Kahmora Hall,SAFE
13,4,Kahmora Hall,ELIM
13,6,Kahmora Hall,Guest
13,7,Kahmora Hall,Guest
14,1,Willow Pill,SAFE
14,3,Willow Pill,WIN
14,4,Willow Pill,SAFE
14,5,Willow Pill,SAFE
14,6,Willow Pill,SAFE
14,7,Willow Pill,SAFE
14,8,Willow Pill,SAFE
14,9,Willow Pill,SAFE
14,10,Willow Pill,BTM
14,11,Willow Pill,STAY
14,12,Willow Pill,SAFE
14,13,Willow Pill,SAFE
14,14,Willow Pill,BTM
14,15,Willow Pill,Guest
14,16,Willow Pill,Winner
14,2,Lady Camden,SAFE
14,3,Lady Camden,SAFE
14,4,Lady Camden,SAFE
14,5,Lady Camden,SAFE
14,6,Lady Camden,SAFE
14,7,Lady Camden,WIN
14,8,Lady Camden,SAFE
14,9,Lady Camden,SAFE
14,10,Lady Camden,BTM
14,11,Lady Camden,STAY
14,12,Lady Camden,WIN
14,13,Lady Camden,SAFE
14,14,Lady Camden,WIN
14,15,Lady Camden,Guest
14,16,Lady Camden,Runner-up
14,2,Angeria Paris VanMicheals,WIN
14,3,Angeria Paris VanMicheals,SAFE
14,4,Angeria Paris VanMicheals,WIN
14,5,Angeria Paris VanMicheals,SAFE
14,6,Angeria Paris VanMicheals,SAFE
14,7,Angeria Paris VanMicheals,SAFE
14,8,Angeria Paris VanMicheals,SAFE
14,9,Angeria Paris VanMicheals,SAFE
14,10,Angeria Paris VanMicheals,BTM
14,11,Angeria Paris VanMicheals,STAY
14,12,Angeria Paris VanMicheals,SAFE
14,13,Angeria Paris VanMicheals,SAFE
14,14,Angeria Paris VanMicheals,BTM
14,15,Angeria Paris VanMicheals,Guest
14,16,Angeria Paris VanMicheals,Eliminated
14,1,Bosco,SAFE
14,3,Bosco,SAFE
14,4,Bosco,SAFE
14,5,Bosco,WIN
14,6,Bosco,SAFE
14,7,Bosco,SAFE
14,8,Bosco,SAFE
14,9,Bosco,WIN
14,10,Bosco,BTM
14,11,Bosco,STAY
14,12,Bosco,SAVE
14,13,Bosco,WIN
14,14,Bosco,SAFE
14,15,Bosco,Guest
14,16,Bosco,Eliminated
14,2,Daya Betty,ELIM
14,3,Daya Betty,SAFE
14,4,Daya Betty,SAFE
14,5,Daya Betty,SAFE
14,6,Daya Betty,SAFE
14,7,Daya Betty,TOP2
14,8,Daya Betty,WIN
14,9,Daya Betty,SAFE
14,10,Daya Betty,BTM
14,11,Daya Betty,STAY
14,12,Daya Betty,SAFE
14,13,Daya Betty,BTM
14,14,Daya Betty,SAFE
14,15,Daya Betty,Guest
14,16,Daya Betty,Eliminated
14,2,DeJa Skye,BTM
14,3,DeJa Skye,SAFE
14,4,DeJa Skye,SAFE
14,5,DeJa Skye,SAFE
14,6,DeJa Skye,SAFE
14,7,DeJa Skye,SAFE
14,8,DeJa Skye,SAFE
14,9,DeJa Skye,SAFE
14,10,DeJa Skye,WIN
14,11,DeJa Skye,SAFE
14,12,DeJa Skye,SAFE
14,13,DeJa Skye,ELIM
14,15,DeJa Skye,Guest
14,16,DeJa Skye,Guest
14,2,Jorgeous,SAFE
14,3,Jorgeous,SAFE
14,4,Jorgeous,SAFE
14,5,Jorgeous,BTM
14,6,Jorgeous,WIN
14,7,Jorgeous,SAFE
14,8,Jorgeous,SAFE
14,9,Jorgeous,BTM
14,10,Jorgeous,BTM
14,11,Jorgeous,STAY
14,12,Jorgeous,BTM
14,13,Jorgeous,ELIM
14,15,Jorgeous,Guest
14,16,Jorgeous,Guest
14,2,Jasmine Kennedie,SAFE
14,3,Jasmine Kennedie,SAFE
14,4,Jasmine Kennedie,SAFE
14,5,Jasmine Kennedie,SAFE
14,6,Jasmine Kennedie,BTM
14,7,Jasmine Kennedie,SAFE
14,8,Jasmine Kennedie,BTM
14,9,Jasmine Kennedie,BTM
14,10,Jasmine Kennedie,BTM
14,11,Jasmine Kennedie,ELIM
14,13,Jasmine Kennedie,Guest
14,14,Jasmine Kennedie,Guest
14,1,Kerri Colby,SAFE
14,3,Kerri Colby,SAFE
14,4,Kerri Colby,BTM
14,5,Kerri Colby,SAFE
14,6,Kerri Colby,SAFE
14,7,Kerri Colby,SAFE
14,8,Kerri Colby,ELIM
14,10,Kerri Colby,Guest
14,11,Kerri Colby,Guest
14,2,Maddy Morphosis,SAFE
14,3,Maddy Morphosis,BTM
14,4,Maddy Morphosis,SAFE
14,5,Maddy Morphosis,SAFE
14,6,Maddy Morphosis,ELIM
14,8,Maddy Morphosis,Guest
14,9,Maddy Morphosis,Guest
14,1,Orion Story,ELIM
14,3,Orion Story,SAFE
14,4,Orion Story,SAFE
14,5,Orion Story,ELIM
14,7,Orion Story,Guest
14,8,Orion Story,Guest
14,1,"Kornbread ""The Snack"" Jeté",WIN
14,3,"Kornbread ""The Snack"" Jeté",SAFE
14,4,"Kornbread ""The Snack"" Jeté",SAFE
14,5,"Kornbread ""The Snack"" Jeté",WDR
14,7,"Kornbread ""The Snack"" Jeté",Guest
14,8,"Kornbread ""The Snack"" Jeté",Miss C
14,1,Alyssa Hunter,SAFE
14,3,Alyssa Hunter,SAFE
14,4,Alyssa Hunter,ELIM
14,6,Alyssa Hunter,Guest
14,7,Alyssa Hunter,Guest
14,1,June Jambalaya,BTM
14,3,June Jambalaya,ELIM
14,5,June Jambalaya,Guest
14,6,June Jambalaya,Guest
1,1,The Vivienne,WIN
1,2,The Vivienne,SAFE
1,3,The Vivienne,SAFE
1,4,The Vivienne,WIN
1,5,The Vivienne,BTM
1,6,The Vivienne,WIN
1,7,The Vivienne,SAFE
1,8,The Vivienne,Winner
1,1,Divina de Campo,SAFE
1,2,Divina de Campo,SAFE
1,3,Divina de Campo,WIN
1,4,Divina de Campo,SAFE
1,5,Divina de Campo,WIN
1,6,Divina de Campo,SAFE
1,7,Divina de Campo,WIN
1,8,Divina de Campo,Runner-up
1,1,Baga Chipz,SAFE
1,2,Baga Chipz,WIN
1,3,Baga Chipz,SAFE
1,4,Baga Chipz,WIN
1,5,Baga Chipz,WIN
1,6,Baga Chipz,SAFE
1,7,Baga Chipz,BTM
1,8,Baga Chipz,Eliminated
1,1,Cheryl Hole,SAFE
1,2,Cheryl Hole,SAFE
1,3,Cheryl Hole,SAFE
1,4,Cheryl Hole,SAFE
1,5,Cheryl Hole,SAFE
1,6,Cheryl Hole,BTM
1,7,Cheryl Hole,ELIM
1,8,Cheryl Hole,Guest
1,1,Blu Hydrangea,SAFE
1,2,Blu Hydrangea,BTM
1,3,Blu Hydrangea,SAFE
1,4,Blu Hydrangea,SAFE
1,5,Blu Hydrangea,WIN
1,6,Blu Hydrangea,ELIM
1,8,Blu Hydrangea,Guest
1,1,Crystal,SAFE
1,2,Crystal,SAFE
1,3,Crystal,SAFE
1,4,Crystal,BTM
1,5,Crystal,ELIM
1,7,Crystal,Guest
1,1,Sum Ting Wong,SAFE
1,2,Sum Ting Wong,SAFE
1,3,Sum Ting Wong,BTM
1,4,Sum Ting Wong,ELIM
1,6,Sum Ting Wong,Guest
1,1,Vinegar Strokes,BTM
1,2,Vinegar Strokes,SAFE
1,3,Vinegar Strokes,ELIM
1,5,Vinegar Strokes,Guest
1,1,Scaredy Kat,SAFE
1,2,Scaredy Kat,ELIM
1,4,Scaredy Kat,Guest
1,1,Gothy Kendoll,ELIM
1,3,Gothy Kendoll,Guest
2,1,Lawrence Chaney,SAFE
2,2,Lawrence Chaney,SAFE
2,3,Lawrence Chaney,WIN
2,4,Lawrence Chaney,WIN
2,5,Lawrence Chaney,WIN
2,6,Lawrence Chaney,BTM
2,7,Lawrence Chaney,SAFE
2,8,Lawrence Chaney,SAFE
2,9,Lawrence Chaney,SAFE
2,10,Lawrence Chaney,Winner
2,1,Bimini Bon-Boulash,BTM
2,2,Bimini Bon-Boulash,SAFE
2,3,Bimini Bon-Boulash,SAFE
2,4,Bimini Bon-Boulash,SAFE
2,5,Bimini Bon-Boulash,WIN
2,6,Bimini Bon-Boulash,WIN
2,7,Bimini Bon-Boulash,SAFE
2,8,Bimini Bon-Boulash,WIN
2,9,Bimini Bon-Boulash,WIN
2,10,Bimini Bon-Boulash,Runner-up
2,1,Tayce,SAFE
2,2,Tayce,BTM
2,3,Tayce,SAFE
2,4,Tayce,SAFE
2,5,Tayce,WIN
2,6,Tayce,SAFE
2,7,Tayce,BTM
2,8,Tayce,BTM
2,9,Tayce,BTM
2,10,Tayce,Runner-up
2,1,Ellie Diamond,SAFE
2,2,Ellie Diamond,SAFE
2,3,Ellie Diamond,SAFE
2,4,Ellie Diamond,SAFE
2,5,Ellie Diamond,SAFE
2,6,Ellie Diamond,SAFE
2,7,Ellie Diamond,SAFE
2,8,Ellie Diamond,SAFE
2,9,Ellie Diamond,BTM
2,10,Ellie Diamond,Eliminated
2,1,A'Whora,SAFE
2,2,A'Whora,SAFE
2,3,A'Whora,SAFE
2,4,A'Whora,SAFE
2,5,A'Whora,WIN
2,6,A'Whora,SAFE
2,7,A'Whora,WIN
2,8,A'Whora,ELIM
2,10,A'Whora,Guest
2,1,Sister Sister,SAFE
2,2,Sister Sister,SAFE
2,3,Sister Sister,SAFE
2,4,Sister Sister,BTM
2,5,Sister Sister,SAFE
2,6,Sister Sister,SAFE
2,7,Sister Sister,ELIM
2,9,Sister Sister,Guest
2,1,Tia Kofi,SAFE
2,2,Tia Kofi,SAFE
2,3,Tia Kofi,BTM
2,4,Tia Kofi,SAFE
2,5,Tia Kofi,BTM
2,6,Tia Kofi,ELIM
2,8,Tia Kofi,Guest
2,1,Joe Black,ELIM
2,3,Joe Black,ELIM
2,5,Joe Black,Guest
2,1,Veronica Green,SAFE
2,2,Veronica Green,WIN
2,3,Veronica Green,SAFE
2,4,Veronica Green,SAFE
2,5,Veronica Green,WDR
2,7,Veronica Green,Guest
2,1,Ginny Lemon,SAFE
2,2,Ginny Lemon,SAFE
2,3,Ginny Lemon,SAFE
2,4,Ginny Lemon,QUIT
2,6,Ginny Lemon,Guest
2,1,Asttina Mandella,WIN
2,2,Asttina Mandella,SAFE
2,3,Asttina Mandella,ELIM
2,5,Asttina Mandella,OUT
2,7,Asttina Mandella,Guest
2,1,Cherry Valentine,SAFE
2,2,Cherry Valentine,ELIM
2,4,Cherry Valentine,OUT
2,6,Cherry Valentine,Guest
3,1,Krystal Versace,WIN
3,2,Krystal Versace,WIN
3,3,Krystal Versace,SAFE
3,4,Krystal Versace,SAFE
3,5,Krystal Versace,SAFE
3,6,Krystal Versace,SAFE
3,7,Krystal Versace,SAFE
3,8,Krystal Versace,SAFE
3,9,Krystal Versace,BTM
3,10,Krystal Versace,Winner
3,1,Ella Vaday,SAFE
3,2,Ella Vaday,SAFE
3,3,Ella Vaday,SAFE
3,4,Ella Vaday,WIN
3,5,Ella Vaday,SAFE
3,6,Ella Vaday,WIN
3,7,Ella Vaday,SAFE
3,8,Ella Vaday,WIN
3,9,Ella Vaday,WIN
3,10,Ella Vaday,Runner-up
3,1,Kitty Scott-Claus,SAFE
3,2,Kitty Scott-Claus,SAFE
3,3,Kitty Scott-Claus,SAFE
3,4,Kitty Scott-Claus,SAFE
3,5,Kitty Scott-Claus,SAFE
3,6,Kitty Scott-Claus,SAFE
3,7,Kitty Scott-Claus,WIN
3,8,Kitty Scott-Claus,WIN
3,9,Kitty Scott-Claus,SAFE
3,10,Kitty Scott-Claus,Runner-up
3,1,Vanity Milan,SAFE
3,2,Vanity Milan,BTM
3,3,Vanity Milan,BTM
3,4,Vanity Milan,WIN
3,5,Vanity Milan,SAFE
3,6,Vanity Milan,SAFE
3,7,Vanity Milan,BTM
3,8,Vanity Milan,SAFE
3,9,Vanity Milan,ELIM
3,10,Vanity Milan,Guest
3,1,Scarlett Harlett,SAFE
3,2,Scarlett Harlett,SAFE
3,3,Scarlett Harlett,WIN
3,4,Scarlett Harlett,BTM
3,5,Scarlett Harlett,BTM
3,6,Scarlett Harlett,SAFE
3,7,Scarlett Harlett,ELIM
3,9,Scarlett Harlett,Guest
3,10,Scarlett Harlett,Guest
3,1,Choriza May,SAFE
3,2,Choriza May,SAFE
3,3,Choriza May,SAFE
3,4,Choriza May,WIN
3,5,Choriza May,SAFE
3,6,Choriza May,ELIM
3,8,Choriza May,Guest
3,9,Choriza May,Guest
3,1,River Medway,SAFE
3,2,River Medway,SAFE
3,3,River Medway,SAFE
3,4,River Medway,WIN
3,5,River Medway,SAFE
3,6,River Medway,ELIM
3,8,River Medway,Guest
3,9,River Medway,Guest
3,1,Charity Kase,SAFE
3,2,Charity Kase,SAFE
3,3,Charity Kase,SAFE
3,4,Charity Kase,BTM
3,5,Charity Kase,ELIM
3,7,Charity Kase,Guest
3,8,Charity Kase,Guest
3,1,Veronica Green,SAFE
3,2,Veronica Green,SAFE
3,3,Veronica Green,ELIM
3,5,Veronica Green,Guest
3,6,Veronica Green,Guest
3,1,Victoria Scone,TOP2
3,2,Victoria Scone,SAFE
3,3,Victoria Scone,WDR
3,5,Victoria Scone,Guest
3,6,Victoria Scone,Guest
3,1,Elektra Fence,BTM
3,2,Elektra Fence,ELIM
3,4,Elektra Fence,Guest
3,5,Elektra Fence,Guest
3,1,Anubis,ELIM
3,3,Anubis,Guest
3,4,Anubis,Guest
4,1,Danny Beard,SAFE
4,2,Danny Beard,WIN
4,3,Danny Beard,SAFE
4,4,Danny Beard,WIN
4,5,Danny Beard,WIN
4,6,Danny Beard,SAFE
4,7,Danny Beard,SAFE
4,8,Danny Beard,SAFE
4,9,Danny Beard,WIN
4,10,Danny Beard,Winner
4,1,Cheddar Gorgeous,SAFE
4,2,Cheddar Gorgeous,WIN
4,3,Cheddar Gorgeous,SAFE
4,4,Cheddar Gorgeous,SAFE
4,5,Cheddar Gorgeous,SAFE
4,6,Cheddar Gorgeous,WIN
4,7,Cheddar Gorgeous,WIN
4,8,Cheddar Gorgeous,WIN
4,9,Cheddar Gorgeous,SAFE
4,10,Cheddar Gorgeous,Runner-up
4,1,Black Peppa,WIN
4,2,Black Peppa,SAFE
4,3,Black Peppa,BTM
4,4,Black Peppa,SAFE
4,5,Black Peppa,SAFE
4,6,Black Peppa,BTM
4,7,Black Peppa,SAFE
4,8,Black Peppa,BTM
4,9,Black Peppa,BTM
4,10,Black Peppa,Eliminated
4,1,Jonbers Blonde,SAFE
4,2,Jonbers Blonde,BTM
4,3,Jonbers Blonde,SAFE
4,4,Jonbers Blonde,SAFE
4,5,Jonbers Blonde,SAFE
4,6,Jonbers Blonde,SAFE
4,7,Jonbers Blonde,SAFE
4,8,Jonbers Blonde,BTM
4,9,Jonbers Blonde,SAFE
4,10,Jonbers Blonde,Eliminated
4,1,Pixie Polite,SAFE
4,2,Pixie Polite,WIN
4,3,Pixie Polite,SAFE
4,4,Pixie Polite,SAFE
4,5,Pixie Polite,SAFE
4,6,Pixie Polite,SAFE
4,7,Pixie Polite,BTM
4,8,Pixie Polite,SAFE
4,9,Pixie Polite,ELIM
4,10,Pixie Polite,Guest
4,1,Dakota Schiffer,BTM
4,2,Dakota Schiffer,WIN
4,3,Dakota Schiffer,WIN
4,4,Dakota Schiffer,SAFE
4,5,Dakota Schiffer,BTM
4,6,Dakota Schiffer,SAFE
4,7,Dakota Schiffer,ELIM
4,9,Dakota Schiffer,Guest
4,10,Dakota Schiffer,Guest
4,1,Le Fil,SAFE
4,2,Le Fil,WIN
4,3,Le Fil,SAFE
4,4,Le Fil,SAFE
4,5,Le Fil,SAFE
4,6,Le Fil,ELIM
4,8,Le Fil,Guest
4,9,Le Fil,Guest
4,1,Baby,SAFE
4,2,Baby,SAFE
4,3,Baby,WIN
4,4,Baby,BTM
4,5,Baby,QUIT
4,1,Sminty Drop,SAFE
4,2,Sminty Drop,SAFE
4,3,Sminty Drop,SAFE
4,4,Sminty Drop,ELIM
4,6,Sminty Drop,Guest
4,7,Sminty Drop,Guest
4,1,Copper Topp,SAFE
4,2,Copper Topp,WIN
4,3,Copper Topp,ELIM
4,5,Copper Topp,Guest
4,6,Copper Topp,Guest
4,1,Starlet,SAFE
4,2,Starlet,ELIM
4,4,Starlet,Guest
4,5,Starlet,Guest
4,1,Just May,ELIM
4,3,Just May,Guest
4,4,Just May,Guest
1,1,Priyanka,SAFE
1,2,Priyanka,SAFE
1,3,Priyanka,WIN
1,4,Priyanka,SAFE
1,5,Priyanka,BTM
1,6,Priyanka,SAFE
1,7,Priyanka,BTM
1,8,Priyanka,WIN
1,9,Priyanka,SAFE
1,10,Priyanka,Winner
1,1,Rita Baga,WIN
1,2,Rita Baga,SAFE
1,3,Rita Baga,SAFE
1,4,Rita Baga,WIN
1,5,Rita Baga,SAFE
1,6,Rita Baga,WIN
1,7,Rita Baga,SAFE
1,8,Rita Baga,BTM
1,9,Rita Baga,BTM
1,10,Rita Baga,Runner-up
1,1,Scarlett BoBo,SAFE
1,2,Scarlett BoBo,SAFE
1,3,Scarlett BoBo,SAFE
1,4,Scarlett BoBo,SAFE
1,5,Scarlett BoBo,SAFE
1,6,Scarlett BoBo,SAFE
1,7,Scarlett BoBo,SAFE
1,8,Scarlett BoBo,SAFE
1,9,Scarlett BoBo,WIN
1,10,Scarlett BoBo,Runner-up
1,1,Jimbo,SAFE
1,2,Jimbo,SAFE
1,3,Jimbo,SAFE
1,4,Jimbo,SAFE
1,5,Jimbo,WIN
1,6,Jimbo,SAFE
1,7,Jimbo,SAFE
1,8,Jimbo,SAFE
1,9,Jimbo,ELIM
1,10,Jimbo,Guest
1,1,Lemon,BTM
1,2,Lemon,WIN
1,3,Lemon,SAFE
1,4,Lemon,SAFE
1,5,Lemon,SAFE
1,6,Lemon,SAFE
1,7,Lemon,WIN
1,8,Lemon,ELIM
1,10,Lemon,Guest
1,1,Ilona Verley,SAFE
1,2,Ilona Verley,SAFE
1,3,Ilona Verley,SAFE
1,4,Ilona Verley,BTM
1,5,Ilona Verley,SAFE
1,6,Ilona Verley,BTM
1,7,Ilona Verley,ELIM
1,9,Ilona Verley,Guest
1,1,BOA,SAFE
1,2,BOA,SAFE
1,3,BOA,SAFE
1,4,BOA,SAFE
1,5,BOA,SAFE
1,6,BOA,ELIM
1,8,BOA,Guest
1,1,Kiara,SAFE
1,2,Kiara,SAFE
1,3,Kiara,SAFE
1,4,Kiara,SAFE
1,5,Kiara,ELIM
1,7,Kiara,Guest
1,1,Tynomi Banks,SAFE
1,2,Tynomi Banks,BTM
1,3,Tynomi Banks,BTM
1,4,Tynomi Banks,ELIM
1,6,Tynomi Banks,Guest
1,1,Anastarzia Anaquway,SAFE
1,2,Anastarzia Anaquway,SAFE
1,3,Anastarzia Anaquway,ELIM
1,5,Anastarzia Anaquway,Guest
1,1,Kyne,SAFE
1,2,Kyne,ELIM
1,4,Kyne,Guest
1,1,Juice Boxx,ELIM
1,3,Juice Boxx,Guest
2,1,Icesis Couture,WIN
2,2,Icesis Couture,BTM
2,3,Icesis Couture,SAFE
2,4,Icesis Couture,SAFE
2,5,Icesis Couture,SAFE
2,6,Icesis Couture,WIN
2,7,Icesis Couture,SAFE
2,8,Icesis Couture,BTM
2,9,Icesis Couture,STAY
2,10,Icesis Couture,Winner
2,1,Kendall Gender,SAFE
2,2,Kendall Gender,SAFE
2,3,Kendall Gender,SAFE
2,4,Kendall Gender,SAFE
2,5,Kendall Gender,SAFE
2,6,Kendall Gender,BTM
2,7,Kendall Gender,WIN
2,8,Kendall Gender,SAFE
2,9,Kendall Gender,STAY
2,10,Kendall Gender,Runner-up
2,1,Pythia,SAFE
2,2,Pythia,WIN
2,3,Pythia,SAFE
2,4,Pythia,SAFE
2,5,Pythia,SAFE
2,6,Pythia,SAFE
2,7,Pythia,SAFE
2,8,Pythia,WIN
2,9,Pythia,STAY
2,10,Pythia,Runner-up
2,1,Gia Metric,BTM
2,2,Gia Metric,SAFE
2,3,Gia Metric,SAFE
2,4,Gia Metric,SAFE
2,5,Gia Metric,WIN
2,6,Gia Metric,SAFE
2,7,Gia Metric,BTM
2,8,Gia Metric,SAFE
2,9,Gia Metric,ELIM
2,10,Gia Metric,Guest
2,1,Adriana,SAFE
2,2,Adriana,SAFE
2,3,Adriana,WIN
2,4,Adriana,SAFE
2,5,Adriana,SAFE
2,6,Adriana,SAFE
2,7,Adriana,SAFE
2,8,Adriana,ELIM
2,9,Adriana,Guest
2,10,Adriana,Guest
2,1,Kimora Amour,SAFE
2,2,Kimora Amour,SAFE
2,3,Kimora Amour,SAFE
2,4,Kimora Amour,SAFE
2,5,Kimora Amour,SAFE
2,6,Kimora Amour,SAFE
2,7,Kimora Amour,ELIM
2,9,Kimora Amour,Guest
2,10,Kimora Amour,Guest
2,1,Synthia Kiss,SAFE
2,2,Synthia Kiss,SAFE
2,3,Synthia Kiss,BTM
2,4,Synthia Kiss,WIN
2,5,Synthia Kiss,BTM
2,6,Synthia Kiss,ELIM
2,8,Synthia Kiss,Guest
2,9,Synthia Kiss,Guest
2,1,Eve 6000,SAFE
2,2,Eve 6000,SAFE
2,3,Eve 6000,SAFE
2,4,Eve 6000,BTM
2,5,Eve 6000,ELIM
2,7,Eve 6000,Guest
2,8,Eve 6000,Guest
2,1,Suki Doll,SAFE
2,2,Suki Doll,SAFE
2,3,Suki Doll,SAFE
2,4,Suki Doll,ELIM
2,6,Suki Doll,Miss C
2,7,Suki Doll,Guest
2,1,Stephanie Prince,SAFE
2,2,Stephanie Prince,SAFE
2,3,Stephanie Prince,ELIM
2,5,Stephanie Prince,Guest
2,6,Stephanie Prince,Guest
2,1,Océane Aqua-Black,SAFE
2,2,Océane Aqua-Black,ELIM
2,4,Océane Aqua-Black,Guest
2,5,Océane Aqua-Black,Guest
2,1,Beth,ELIM
2,3,Beth,Guest
2,4,Beth,Guest
3,1,Gisèle Lullaby,SAFE
3,2,Gisèle Lullaby,SAFE
3,3,Gisèle Lullaby,SAFE
3,4,Gisèle Lullaby,WIN
3,5,Gisèle Lullaby,WIN
3,6,Gisèle Lullaby,SAFE
3,7,Gisèle Lullaby,BTM
3,8,Gisèle Lullaby,SAFE
3,9,Gisèle Lullaby,Winner
3,1,Jada Shada Hudson,SAFE
3,2,Jada Shada Hudson,BTM
3,3,Jada Shada Hudson,WIN
3,4,Jada Shada Hudson,BTM
3,5,Jada Shada Hudson,SAFE
3,6,Jada Shada Hudson,SAFE
3,7,Jada Shada Hudson,SAFE
3,8,Jada Shada Hudson,SAFE
3,9,Jada Shada Hudson,Runner-up
3,1,Kimmy Couture,SAFE
3,2,Kimmy Couture,WIN
3,3,Kimmy Couture,SAFE
3,4,Kimmy Couture,SAFE
3,5,Kimmy Couture,BTM
3,6,Kimmy Couture,SAFE
3,7,Kimmy Couture,SAFE
3,8,Kimmy Couture,BTM
3,9,Kimmy Couture,Eliminated
3,1,Miss Fiercalicious,SAFE
3,2,Miss Fiercalicious,SAFE
3,3,Miss Fiercalicious,BTM
3,4,Miss Fiercalicious,SAFE
3,5,Miss Fiercalicious,SAFE
3,6,Miss Fiercalicious,WIN
3,7,Miss Fiercalicious,SAFE
3,8,Miss Fiercalicious,WIN
3,9,Miss Fiercalicious,Eliminated
3,1,Vivian Vanderpuss,SAFE
3,2,Vivian Vanderpuss,SAFE
3,3,Vivian Vanderpuss,SAFE
3,4,Vivian Vanderpuss,SAFE
3,5,Vivian Vanderpuss,SAFE
3,6,Vivian Vanderpuss,SAFE
3,7,Vivian Vanderpuss,WIN
3,8,Vivian Vanderpuss,ELIM
3,9,Vivian Vanderpuss,Guest
3,1,Irma Gerd,SAFE
3,2,Irma Gerd,SAFE
3,3,Irma Gerd,SAFE
3,4,Irma Gerd,SAFE
3,5,Irma Gerd,SAFE
3,6,Irma Gerd,BTM
3,7,Irma Gerd,ELIM
3,9,Irma Gerd,Guest
3,1,Bombae,SAFE
3,2,Bombae,SAFE
3,3,Bombae,SAFE
3,4,Bombae,SAFE
3,5,Bombae,SAFE
3,6,Bombae,ELIM
3,8,Bombae,Guest
3,1,Lady Boom Boom,WIN
3,2,Lady Boom Boom,SAFE
3,3,Lady Boom Boom,SAFE
3,4,Lady Boom Boom,SAFE
3,5,Lady Boom Boom,ELIM
3,7,Lady Boom Boom,Guest
3,1,Kaos,SAFE
3,2,Kaos,SAFE
3,3,Kaos,SAFE
3,4,Kaos,ELIM
3,6,Kaos,Guest
3,1,Chelazon Leroux,SAFE
3,2,Chelazon Leroux,SAFE
3,3,Chelazon Leroux,ELIM
3,5,Chelazon Leroux,Guest
3,1,Miss Moço,BTM
3,2,Miss Moço,ELIM
3,4,Miss Moço,Guest
3,1,Halal Bae,ELIM
3,3,Halal Bae,Guest
1,1,Kita Mean,SAFE
1,2,Kita Mean,SAFE
1,3,Kita Mean,SAFE
1,4,Kita Mean,SAFE
1,5,Kita Mean,SAFE
1,6,Kita Mean,WIN
1,7,Kita Mean,BTM
1,8,Kita Mean,Winner
1,1,Art Simone,SAFE
1,2,Art Simone,ELIM
1,4,Art Simone,SAFE
1,5,Art Simone,SAFE
1,6,Art Simone,SAFE
1,7,Art Simone,SAFE
1,8,Art Simone,Runner-up
1,1,Karen from Finance,WIN
1,2,Karen from Finance,SAFE
1,3,Karen from Finance,SAFE
1,4,Karen from Finance,BTM
1,5,Karen from Finance,SAFE
1,6,Karen from Finance,SAFE
1,7,Karen from Finance,SAFE
1,8,Karen from Finance,Runner-up
1,1,Scarlet Adams,SAFE
1,2,Scarlet Adams,SAFE
1,3,Scarlet Adams,WIN
1,4,Scarlet Adams,WIN
1,5,Scarlet Adams,SAFE
1,6,Scarlet Adams,BTM
1,7,Scarlet Adams,WIN
1,8,Scarlet Adams,Runner-up
1,1,Elektra Shock,BTM
1,2,Elektra Shock,SAFE
1,3,Elektra Shock,BTM
1,4,Elektra Shock,SAFE
1,5,Elektra Shock,WIN
1,6,Elektra Shock,SAFE
1,7,Elektra Shock,ELIM
1,1,Maxi Shield,SAFE
1,2,Maxi Shield,SAFE
1,3,Maxi Shield,SAFE
1,4,Maxi Shield,SAFE
1,5,Maxi Shield,BTM
1,6,Maxi Shield,ELIM
1,1,Etcetera Etcetera,SAFE
1,2,Etcetera Etcetera,SAFE
1,3,Etcetera Etcetera,SAFE
1,4,Etcetera Etcetera,SAFE
1,5,Etcetera Etcetera,ELIM
1,1,Anita Wigl'it,SAFE
1,2,Anita Wigl'it,WIN
1,3,Anita Wigl'it,SAFE
1,4,Anita Wigl'it,ELIM
1,1,Coco Jumbo,SAFE
1,2,Coco Jumbo,BTM
1,3,Coco Jumbo,ELIM
1,1,Jojo Zaho,ELIM
2,1,Spankie Jackzon,BTM
2,2,Spankie Jackzon,WIN
2,3,Spankie Jackzon,WIN
2,4,Spankie Jackzon,SAFE
2,5,Spankie Jackzon,WIN
2,6,Spankie Jackzon,SAFE
2,7,Spankie Jackzon,SAFE
2,8,Spankie Jackzon,Winner
2,1,Hannah Conda,SAFE
2,2,Hannah Conda,SAFE
2,3,Hannah Conda,SAFE
2,4,Hannah Conda,WIN
2,5,Hannah Conda,WIN
2,6,Hannah Conda,WIN
2,7,Hannah Conda,BTM
2,8,Hannah Conda,Runner-up
2,1,Kween Kong,SAFE
2,2,Kween Kong,BTM
2,3,Kween Kong,SAFE
2,4,Kween Kong,SAFE
2,5,Kween Kong,WIN
2,6,Kween Kong,BTM
2,7,Kween Kong,WIN
2,8,Kween Kong,Runner-up
2,1,Molly Poppinz,WIN
2,2,Molly Poppinz,SAFE
2,3,Molly Poppinz,SAFE
2,4,Molly Poppinz,SAFE
2,5,Molly Poppinz,BTM
2,6,Molly Poppinz,SAFE
2,7,Molly Poppinz,ELIM
2,1,Beverly Kills,SAFE
2,2,Beverly Kills,SAFE
2,3,Beverly Kills,BTM
2,4,Beverly Kills,BTM
2,5,Beverly Kills,SAFE
2,6,Beverly Kills,ELIM
2,1,Yuri Guaii,SAFE
2,2,Yuri Guaii,SAFE
2,3,Yuri Guaii,WIN
2,4,Yuri Guaii,SAFE
2,5,Yuri Guaii,ELIM
2,1,Minnie Cooper,SAFE
2,2,Minnie Cooper,SAFE
2,3,Minnie Cooper,SAFE
2,4,Minnie Cooper,ELIM
2,1,Pomara Fifth,SAFE
2,2,Pomara Fifth,SAFE
2,3,Pomara Fifth,ELIM
2,1,Aubrey Haive,SAFE
2,2,Aubrey Haive,ELIM
2,1,Faúx Fúr,ELIM
1,1,Envy Peru,SAFE
1,2,Envy Peru,WIN
1,3,Envy Peru,SAFE
1,4,Envy Peru,WIN
1,5,Envy Peru,WIN
1,6,Envy Peru,WIN
1,7,Envy Peru,SAFE
1,8,Envy Peru,Winner
1,1,Janey Jacké,WIN
1,2,Janey Jacké,SAFE
1,3,Janey Jacké,SAFE
1,4,Janey Jacké,SAFE
1,5,Janey Jacké,SAFE
1,6,Janey Jacké,BTM
1,7,Janey Jacké,WIN
1,8,Janey Jacké,Runner-up
1,1,Ma'Ma Queen,SAFE
1,2,Ma'Ma Queen,SAFE
1,3,Ma'Ma Queen,WIN
1,4,Ma'Ma Queen,BTM
1,5,Ma'Ma Queen,SAFE
1,6,Ma'Ma Queen,SAFE
1,7,Ma'Ma Queen,BTM
1,8,Ma'Ma Queen,Eliminated
1,1,Miss Abby OMG,SAFE
1,2,Miss Abby OMG,SAFE
1,3,Miss Abby OMG,BTM
1,4,Miss Abby OMG,BTM
1,5,Miss Abby OMG,BTM
1,6,Miss Abby OMG,SAFE
1,7,Miss Abby OMG,BTM
1,8,Miss Abby OMG,Eliminated
1,1,ChelseaBoy,SAFE
1,2,ChelseaBoy,SAFE
1,3,ChelseaBoy,SAFE
1,4,ChelseaBoy,SAFE
1,5,ChelseaBoy,SAFE
1,6,ChelseaBoy,ELIM
1,8,ChelseaBoy,Guest
1,1,Sederginne,SAFE
1,2,Sederginne,SAFE
1,3,Sederginne,SAFE
1,4,Sederginne,SAFE
1,5,Sederginne,ELIM
1,7,Sederginne,Guest
1,1,Madame Madness,SAFE
1,2,Madame Madness,BTM
1,3,Madame Madness,SAFE
1,4,Madame Madness,ELIM
1,6,Madame Madness,Guest
1,1,Megan Schoonbrood,BTM
1,2,Megan Schoonbrood,SAFE
1,3,Megan Schoonbrood,ELIM
1,5,Megan Schoonbrood,Guest
1,1,Patty Pam-Pam,SAFE
1,2,Patty Pam-Pam,ELIM
1,4,Patty Pam-Pam,Guest
1,1,Roem,ELIM
1,3,Roem,Guest
2,1,Vanessa Van Cartier,SAFE
2,2,Vanessa Van Cartier,SAFE
2,3,Vanessa Van Cartier,SAFE
2,4,Vanessa Van Cartier,SAFE
2,5,Vanessa Van Cartier,WIN
2,6,Vanessa Van Cartier,SAFE
2,7,Vanessa Van Cartier,SAFE
2,8,Vanessa Van Cartier,Winner
2,1,My Little Puny,SAFE
2,2,My Little Puny,SAFE
2,3,My Little Puny,SAFE
2,4,My Little Puny,WIN
2,5,My Little Puny,BTM
2,6,My Little Puny,SAFE
2,7,My Little Puny,WIN
2,8,My Little Puny,Runner-up
2,1,Vivaldi,SAFE
2,2,Vivaldi,SAFE
2,3,Vivaldi,WIN
2,4,Vivaldi,SAFE
2,5,Vivaldi,SAFE
2,6,Vivaldi,BTM
2,7,Vivaldi,BTM
2,8,Vivaldi,Eliminated
2,1,Keta Minaj,WIN
2,2,Keta Minaj,SAFE
2,3,Keta Minaj,WIN
2,4,Keta Minaj,SAFE
2,5,Keta Minaj,SAFE
2,6,Keta Minaj,WIN
2,7,Keta Minaj,ELIM
2,8,Keta Minaj,Guest
2,1,Tabitha,SAFE
2,2,Tabitha,SAFE
2,3,Tabitha,SAFE
2,4,Tabitha,SAFE
2,5,Tabitha,BTM
2,6,Tabitha,ELIM
2,8,Tabitha,Miss C
2,1,The Countess,SAFE
2,2,The Countess,WIN
2,3,The Countess,SAFE
2,4,The Countess,BTM
2,5,The Countess,ELIM
2,7,The Countess,Guest
2,1,Ivy-Elyse,SAFE
2,2,Ivy-Elyse,BTM
2,3,Ivy-Elyse,BTM
2,4,Ivy-Elyse,ELIM
2,6,Ivy-Elyse,Guest
2,1,Love Masisi,SAFE
2,2,Love Masisi,SAFE
2,3,Love Masisi,ELIM
2,5,Love Masisi,Guest
2,1,Reggy B,BTM
2,2,Reggy B,ELIM
2,4,Reggy B,Guest
2,1,Juicy Kutoure,ELIM
2,3,Juicy Kutoure,Guest
1,1,Carmen Farala,SAFE
1,2,Carmen Farala,WIN
1,3,Carmen Farala,SAFE
1,4,Carmen Farala,SAFE
1,5,Carmen Farala,SAFE
1,6,Carmen Farala,WIN
1,7,Carmen Farala,WIN
1,8,Carmen Farala,Guest
1,9,Carmen Farala,Winner
1,1,Killer Queen,SAFE
1,2,Killer Queen,SAFE
1,3,Killer Queen,SAFE
1,4,Killer Queen,WIN
1,5,Killer Queen,BTM
1,6,Killer Queen,SAFE
1,7,Killer Queen,BTM
1,8,Killer Queen,Guest
1,9,Killer Queen,Runner-up
1,1,Sagittaria,SAFE
1,2,Sagittaria,SAFE
1,3,Sagittaria,WIN
1,4,Sagittaria,SAFE
1,5,Sagittaria,SAFE
1,6,Sagittaria,BTM
1,7,Sagittaria,BTM
1,8,Sagittaria,Guest
1,9,Sagittaria,Runner-up
1,1,Pupi Poisson,SAFE
1,2,Pupi Poisson,SAFE
1,3,Pupi Poisson,SAFE
1,4,Pupi Poisson,SAFE
1,5,Pupi Poisson,WIN
1,6,Pupi Poisson,SAFE
1,7,Pupi Poisson,ELIM
1,8,Pupi Poisson,Miss C
1,9,Pupi Poisson,Guest
1,1,Dovima Nurmi,BTM
1,2,Dovima Nurmi,SAFE
1,3,Dovima Nurmi,BTM
1,4,Dovima Nurmi,SAFE
1,5,Dovima Nurmi,SAFE
1,6,Dovima Nurmi,ELIM
1,8,Dovima Nurmi,Guest
1,9,Dovima Nurmi,Guest
1,1,Hugáceo Crujiente,WIN
1,2,Hugáceo Crujiente,SAFE
1,3,Hugáceo Crujiente,SAFE
1,4,Hugáceo Crujiente,BTM
1,5,Hugáceo Crujiente,ELIM
1,7,Hugáceo Crujiente,Guest
1,8,Hugáceo Crujiente,Guest
1,1,Arantxa Castilla La Mancha,SAFE
1,2,Arantxa Castilla La Mancha,BTM
1,3,Arantxa Castilla La Mancha,SAFE
1,4,Arantxa Castilla La Mancha,ELIM
1,6,Arantxa Castilla La Mancha,Guest
1,7,Arantxa Castilla La Mancha,Guest
1,1,Inti,SAFE
1,2,Inti,SAFE
1,3,Inti,QUIT
1,5,Inti,Guest
1,6,Inti,Guest
1,1,Drag Vulcano,SAFE
1,2,Drag Vulcano,ELIM
1,4,Drag Vulcano,Guest
1,5,Drag Vulcano,Guest
1,1,The Macarena,ELIM
1,3,The Macarena,Guest
1,4,The Macarena,Guest
2,1,Sharonne,SAFE
2,2,Sharonne,WIN
2,3,Sharonne,SAFE
2,4,Sharonne,SAFE
2,5,Sharonne,WIN
2,6,Sharonne,SAFE
2,7,Sharonne,WIN
2,8,Sharonne,SAFE
2,9,Sharonne,SAFE
2,10,Sharonne,Guest
2,11,Sharonne,Winner
2,1,Estrella Xtravaganza,SAFE
2,2,Estrella Xtravaganza,SAFE
2,3,Estrella Xtravaganza,SAFE
2,4,Estrella Xtravaganza,WIN
2,5,Estrella Xtravaganza,SAFE
2,6,Estrella Xtravaganza,BTM
2,7,Estrella Xtravaganza,WIN
2,8,Estrella Xtravaganza,SAFE
2,9,Estrella Xtravaganza,BTM
2,10,Estrella Xtravaganza,Guest
2,11,Estrella Xtravaganza,Runner-up
2,1,Venedita Von Däsh,SAFE
2,2,Venedita Von Däsh,SAFE
2,3,Venedita Von Däsh,WIN
2,4,Venedita Von Däsh,SAFE
2,5,Venedita Von Däsh,SAFE
2,6,Venedita Von Däsh,SAFE
2,7,Venedita Von Däsh,SAFE
2,8,Venedita Von Däsh,BTM
2,9,Venedita Von Däsh,WIN
2,10,Venedita Von Däsh,Guest
2,11,Venedita Von Däsh,Runner-up
2,1,Marina,SAFE
2,2,Marina,SAFE
2,3,Marina,SAFE
2,4,Marina,SAFE
2,5,Marina,SAFE
2,6,Marina,SAFE
2,7,Marina,BTM
2,8,Marina,WIN
2,9,Marina,BTM
2,10,Marina,Guest
2,11,Marina,Eliminated
2,1,Juriji Der Klee,SAFE
2,2,Juriji Der Klee,SAFE
2,3,Juriji Der Klee,SAFE
2,4,Juriji Der Klee,BTM
2,5,Juriji Der Klee,SAFE
2,6,Juriji Der Klee,SAFE
2,7,Juriji Der Klee,SAFE
2,8,Juriji Der Klee,ELIM
2,10,Juriji Der Klee,Guest
2,11,Juriji Der Klee,Guest
2,1,Drag Sethlas,SAFE
2,2,Drag Sethlas,SAFE
2,3,Drag Sethlas,SAFE
2,4,Drag Sethlas,SAFE
2,5,Drag Sethlas,SAFE
2,6,Drag Sethlas,WIN
2,7,Drag Sethlas,ELIM
2,9,Drag Sethlas,Guest
2,10,Drag Sethlas,Guest
2,1,Diamante Merybrown,SAFE
2,2,Diamante Merybrown,SAFE
2,3,Diamante Merybrown,SAFE
2,4,Diamante Merybrown,SAFE
2,5,Diamante Merybrown,BTM
2,6,Diamante Merybrown,ELIM
2,8,Diamante Merybrown,Guest
2,9,Diamante Merybrown,Guest
2,1,Onyx,WIN
2,2,Onyx,SAFE
2,3,Onyx,SAFE
2,4,Onyx,SAFE
2,5,Onyx,ELIM
2,7,Onyx,Guest
2,8,Onyx,Guest
2,1,Jota Carajota,SAFE
2,2,Jota Carajota,SAFE
2,3,Jota Carajota,BTM
2,4,Jota Carajota,ELIM
2,6,Jota Carajota,Guest
2,7,Jota Carajota,Guest
2,1,Samantha Ballentines,BTM
2,2,Samantha Ballentines,BTM
2,3,Samantha Ballentines,ELIM
2,5,Samantha Ballentines,Miss C
2,6,Samantha Ballentines,Guest
2,1,Ariel Rec,SAFE
2,2,Ariel Rec,ELIM
2,4,Ariel Rec,Guest
2,5,Ariel Rec,Guest
2,1,Marisa Prisa,ELIM
2,3,Marisa Prisa,Guest
2,4,Marisa Prisa,Guest
1,1,Elecktra Bionic,SAFE
1,2,Elecktra Bionic,SAFE
1,3,Elecktra Bionic,SAFE
1,4,Elecktra Bionic,SAFE
1,5,Elecktra Bionic,SAFE
1,6,Elecktra Bionic,Winner
1,1,Farida Kant,WIN
1,2,Farida Kant,SAFE
1,3,Farida Kant,SAFE
1,4,Farida Kant,SAFE
1,5,Farida Kant,WIN
1,6,Farida Kant,Runner-up
1,1,Le Riche,SAFE
1,2,Le Riche,BTM
1,3,Le Riche,BTM
1,4,Le Riche,WIN
1,5,Le Riche,SAFE
1,6,Le Riche,Runner-up
1,1,Luquisha Lubamba,BTM
1,2,Luquisha Lubamba,SAFE
1,3,Luquisha Lubamba,SAFE
1,4,Luquisha Lubamba,SAFE
1,5,Luquisha Lubamba,BTM
1,6,Luquisha Lubamba,ELIM
1,7,Luquisha Lubamba,Miss C
1,1,Ava Hangar,SAFE
1,2,Ava Hangar,SAFE
1,3,Ava Hangar,BTM
1,4,Ava Hangar,BTM
1,5,Ava Hangar,ELIM
1,6,Ava Hangar,Guest
1,1,Divinity,BTM
1,2,Divinity,SAFE
1,3,Divinity,WIN
1,4,Divinity,ELIM
1,6,Divinity,Guest
1,1,Enorma Jean,SAFE
1,2,Enorma Jean,WIN
1,3,Enorma Jean,SAFE
1,4,Enorma Jean,DISQ
1,6,Enorma Jean,Guest
1,1,Ivana Vamp,SAFE
1,2,Ivana Vamp,ELIM
1,4,Ivana Vamp,Guest
2,1,La Diamond,WIN
2,2,La Diamond,SAFE
2,3,La Diamond,WIN
2,4,La Diamond,WIN
2,5,La Diamond,SAFE
2,6,La Diamond,SAFE
2,7,La Diamond,WIN
2,8,La Diamond,Winner
2,1,Aura Eternal,SAFE
2,2,Aura Eternal,WIN
2,3,Aura Eternal,SAFE
2,4,Aura Eternal,SAFE
2,5,Aura Eternal,SAFE
2,6,Aura Eternal,SAFE
2,7,Aura Eternal,SAFE
2,8,Aura Eternal,Runner-up
2,1,Nehellenia,SAFE
2,2,Nehellenia,SAFE
2,3,Nehellenia,SAFE
2,4,Nehellenia,SAFE
2,5,Nehellenia,TOP2
2,6,Nehellenia,WIN
2,7,Nehellenia,SAFE
2,8,Nehellenia,Miss C
2,9,Nehellenia,R-up
2,1,La Petite Noire,SAFE
2,2,La Petite Noire,SAFE
2,3,La Petite Noire,SAFE
2,4,La Petite Noire,SAFE
2,5,La Petite Noire,WIN
2,6,La Petite Noire,SAFE
2,7,La Petite Noire,BTM
2,8,La Petite Noire,Eliminated
2,1,Skandalove,SAFE
2,2,Skandalove,SAFE
2,3,Skandalove,SAFE
2,4,Skandalove,SAFE
2,5,Skandalove,SAFE
2,6,Skandalove,BTM
2,7,Skandalove,ELIM
2,8,Skandalove,Guest
2,1,Gioffré,SAFE
2,2,Gioffré,SAFE
2,3,Gioffré,SAFE
2,4,Gioffré,BTM
2,5,Gioffré,SAFE
2,6,Gioffré,ELIM
2,8,Gioffré,Guest
2,1,Panthera Virus,BTM
2,2,Panthera Virus,SAFE
2,3,Panthera Virus,BTM
2,4,Panthera Virus,ELIM
2,6,Panthera Virus,Guest
2,1,Obama,SAFE
2,2,Obama,BTM
2,3,Obama,ELIM
2,5,Obama,Guest
2,1,Tanissa Yoncè,SAFE
2,2,Tanissa Yoncè,ELIM
2,4,Tanissa Yoncè,Guest
2,1,Narciso,ELIM
2,3,Narciso,Guest
1,1,Paloma,SAFE
1,2,Paloma,WIN
1,3,Paloma,SAFE
1,4,Paloma,SAFE
1,5,Paloma,BTM
1,6,Paloma,WIN
1,7,Paloma,STAY
1,8,Paloma,Winner
1,1,La Grande Dame,SAFE
1,2,La Grande Dame,SAFE
1,3,La Grande Dame,SAFE
1,4,La Grande Dame,WIN
1,5,La Grande Dame,SAFE
1,6,La Grande Dame,SAFE
1,7,La Grande Dame,STAY
1,8,La Grande Dame,Runner-up
1,1,Soa de Muse,WIN
1,2,Soa de Muse,BTM
1,3,Soa de Muse,BTM
1,4,Soa de Muse,SAFE
1,5,Soa de Muse,WIN
1,6,Soa de Muse,SAFE
1,7,Soa de Muse,STAY
1,8,Soa de Muse,Runner-up
1,1,Lolita Banana,SAFE
1,2,Lolita Banana,SAFE
1,3,Lolita Banana,SAFE
1,4,Lolita Banana,SAFE
1,5,Lolita Banana,SAFE
1,6,Lolita Banana,BTM
1,7,Lolita Banana,ELIM
1,8,Lolita Banana,Guest
1,1,La Big Bertha,SAFE
1,2,La Big Bertha,SAFE
1,3,La Big Bertha,SAFE
1,4,La Big Bertha,BTM
1,5,La Big Bertha,SAFE
1,6,La Big Bertha,ELIM
1,8,La Big Bertha,Guest
1,1,Elips,SAFE
1,2,Elips,SAFE
1,3,Elips,SAFE
1,4,Elips,SAFE
1,5,Elips,ELIM
1,7,Elips,Miss C
1,1,Kam Hugh,SAFE
1,2,Kam Hugh,SAFE
1,3,Kam Hugh,WIN
1,4,Kam Hugh,ELIM
1,6,Kam Hugh,Guest
1,1,La Briochée,SAFE
1,2,La Briochée,SAFE
1,3,La Briochée,ELIM
1,5,La Briochée,Guest
1,1,Lova Ladiva,BTM
1,2,Lova Ladiva,ELIM
1,4,Lova Ladiva,Guest
1,1,La Kahena,ELIM
1,3,La Kahena,Guest
